"source","target"
58,131550
218,83791
218,257433
58,169418
307,131550
302,169418
333,2337662
1412,131550
1093,94363
1412,1451598
2421,1451598
2888,234670
2699,1451598
2959,2337662
3334,1451598
3464,1451598
4541,1451598
5470,94363
5096,1451598
7117,94363
6431,234670
7168,1451598
8125,94363
7982,1451598
8295,1451598
8961,168661
9848,131550
10567,169418
10068,1637156
11036,234670
12117,94363
12117,248515
12767,1451598
12931,3032976
14849,94363
14849,4248300
14829,2337662
14849,2337662
14849,4966088
15379,94363
17212,94363
18166,248515
17759,829426
18130,4666200
19061,234670
20345,131550
20290,94363
20680,94363
20290,234670
21597,94363
21979,94363
20869,83791
21375,83791
22683,1451598
25747,131550
23968,94363
25461,234670
25747,366549
25461,4966088
25816,131550
26204,94363
28699,94363
28929,1451598
30771,131550
30315,94363
30315,234670
30063,1451598
30315,1451598
30091,829426
30771,366549
30091,1382471
30771,1862783
32161,184154
32057,94363
32057,1451598
32456,1451598
32822,1451598
32841,1451598
32824,83791
32161,1736
32161,1954
32161,5101
32161,5105
32161,7125
32161,18521
32161,19076
32161,81423
32161,123757
32161,184154
32161,376498
32161,387038
32161,1251789
32161,1425554
32161,2489127
32820,211630
32161,1425554
33966,1451598
36912,94363
36605,1451598
37549,94363
38698,248515
37872,1451598
40510,131550
40828,131550
40909,131550
38738,1451598
39124,169418
40828,366549
41922,94363
42860,1451598
43043,1451598
44782,234670
48827,94363
48827,1302430
48372,1451598
48821,83791
48889,83791
48821,3805966
50428,94363
49923,1451598
49491,5094785
53289,94363
52739,234670
52739,1451598
52741,1451598
55551,583987
59848,94363
60814,94363
60036,829426
63206,234670
63276,175863
63788,94363
64404,94363
64457,1451598
64852,3426431
66619,148163
68825,248515
68750,1451598
69024,1451598
74746,1369349
79270,131550
78207,1451598
79240,1451598
81116,131550
80753,94363
81116,248515
80662,1451598
81116,83791
81713,3803575
83715,94363
81997,1451598
83715,4248300
83456,83791
83791,218
83791,3808
83791,5094
83791,9577
83791,13511
83791,25447
83791,27721
83791,48889
83791,66996
83791,81116
83791,91405
83791,94081
83791,94555
83791,109081
83791,160243
83791,191381
83791,403109
83791,829426
83791,850522
83791,1003352
83791,1016956
83791,1414377
83791,1421340
83791,1773898
83791,1839036
83791,1847729
83791,2234274
83791,2256285
83791,2328842
83791,2753585
83791,3822486
83791,7276333
83791,7916396
83791,829426
83791,1016956
83715,494267
83715,494268
83791,1016956
85282,94363
86833,94363
87001,94363
89420,94363
89616,829426
92230,131550
92229,94363
92436,94363
92228,234670
92230,248515
89643,1451598
91835,1451598
92228,1451598
91405,83791
90028,1717563
92232,2337662
95914,131550
94363,1093
94363,1412
94363,3678
94363,6588
94363,6931
94363,8125
94363,12117
94363,15376
94363,15379
94363,16337
94363,17212
94363,19317
94363,21558
94363,21575
94363,21597
94363,21979
94363,25369
94363,26204
94363,28699
94363,36912
94363,41922
94363,43255
94363,48827
94363,53055
94363,55270
94363,59848
94363,64217
94363,79743
94363,79778
94363,80753
94363,83715
94363,85282
94363,85663
94363,92106
94363,92436
94363,92527
94363,98227
94363,99027
94363,101568
94363,103217
94363,107885
94363,113215
94363,122829
94363,123481
94363,128906
94363,130616
94363,134456
94363,135171
94363,136029
94363,148705
94363,155403
94363,159255
94363,160243
94363,166985
94363,170414
94363,191454
94363,191455
94363,201214
94363,201437
94363,206620
94363,221951
94363,227377
94363,227378
94363,247844
94363,248226
94363,249097
94363,255173
94363,255176
94363,259465
94363,262239
94363,265316
94363,289543
94363,300509
94363,304384
94363,309717
94363,311073
94363,347647
94363,375534
94363,384763
94363,489545
94363,547352
94363,585193
94363,621143
94363,643400
94363,651610
94363,657869
94363,708034
94363,715188
94363,799553
94363,806105
94363,853619
94363,928294
94363,1089544
94363,1185991
94363,1296672
94363,1302430
94363,1408457
94363,1446384
94363,1458107
94363,1556959
94363,1668293
94363,1689455
94363,1753595
94363,1844738
94363,1883777
94363,1974613
94363,2029326
94363,2062575
94363,2124695
94363,2125716
94363,2390265
94363,2413321
94363,2455552
94363,2553267
94363,2604200
94363,2761224
94363,2809715
94363,2845853
94363,2899875
94363,3145244
94363,3154622
94363,3276861
94363,3370260
94363,3495788
94363,3579224
94363,3676213
94363,4081097
94363,4248300
94363,4665810
94363,4711323
94363,4725479
94363,4880649
94363,5661605
94363,5690011
94363,5819498
94363,5960675
94363,6156821
94363,6812349
94363,6956460
94363,7125874
94363,7688540
94363,7754602
94363,7902524
94363,8674969
94363,8715176
94363,9550262
94363,10032560
94363,10983469
94363,11333753
94363,11626268
94363,17043379
94363,31293639
94363,1302430
95044,1451598
95823,1451598
94363,4248300
94081,83791
94118,1831279
96833,94363
97711,94363
98227,94363
97399,1451598
98668,1451598
98671,83791
97791,4966088
100942,131550
99595,94363
100105,94363
100942,94363
101568,94363
99848,1451598
100942,175863
100942,494267
103217,94363
103693,94363
102663,83791
102663,168661
102663,829426
107066,131550
107068,234670
107966,1451598
107586,1234704
109083,131550
108750,94363
108752,94363
109752,94363
110240,94363
110771,94363
110878,94363
108735,234670
108748,234670
108752,1302430
108748,1451598
109577,1451598
110216,1451598
110236,1451598
108748,3062719
110765,3629732
113215,94363
112590,1451598
117200,131550
116589,1451598
117200,1862783
122061,94363
122829,94363
121305,234670
120799,83791
120062,1570
120062,9236
120062,73963
120062,2222318
120744,2228965
123780,131550
123481,94363
123147,248515
123126,1451598
124544,1451598
128906,1451598
130496,131550
131550,376
131550,1412
131550,6931
131550,22947
131550,25747
131550,30771
131550,40510
131550,40828
131550,41780
131550,44662
131550,81116
131550,95914
131550,100942
131550,109083
131550,130496
131550,138380
131550,143334
131550,174215
131550,175863
131550,183250
131550,247463
131550,248514
131550,248515
131550,258292
131550,258293
131550,273200
131550,273856
131550,295507
131550,343909
131550,366549
131550,366550
131550,366552
131550,403109
131550,403903
131550,407633
131550,407847
131550,561335
131550,574765
131550,580549
131550,754257
131550,794908
131550,1190640
131550,1406376
131550,1677954
131550,1745771
131550,1836642
131550,1862783
131550,2024123
131550,2583420
131550,5144961
131550,5962503
131550,6426685
131550,7010464
131550,7517922
131550,7645896
131550,7964376
131550,8312965
131550,8402204
131550,9641546
131550,10157112
131550,11095362
131550,11110789
131550,30450932
131550,248515
130496,83791
130496,829426
132177,829426
131550,175863
131550,366549
131550,1862783
130857,2121380
134258,94363
134456,94363
135171,94363
136029,94363
134173,1451598
135739,1451598
135543,83791
135543,829426
133818,403903
133818,756057
133818,1644932
133818,2290863
133818,11195296
134664,5203
138380,131550
137134,234670
137134,1451598
143334,131550
142330,234670
143334,248515
142330,1451598
143926,1451598
146907,1451598
148163,22947
148163,27538
148163,156116
148163,179647
148163,179648
148163,179649
148163,377559
148163,520635
148163,2793942
148682,131550
148948,1451598
155138,131550
155475,131550
155513,131550
155403,94363
155510,234670
155140,1451598
155437,1451598
155510,1451598
155138,83791
155498,83791
153182,829426
156116,148163
157243,564450
157243,3426431
159255,94363
160243,94363
160336,2337662
161506,1451598
163663,1451598
165038,94363
166985,94363
166009,83791
167577,83791
168661,218
168661,1954
168661,18460
168661,19076
168661,21345
168661,22947
168661,92571
168661,95914
168661,102663
168661,109752
168661,124467
168661,257433
168661,257437
168661,376498
168661,403109
168661,408396
168661,829426
168661,1927487
168661,257433
168661,829426
169418,6038
169418,6321
169418,8612
169418,9236
169418,9452
169418,10005
169418,13256
169418,13511
169418,15341
169418,19317
169418,20352
169418,23149
169418,26158
169418,26422
169418,28309
169418,30877
169418,30937
169418,35087
169418,44646
169418,44896
169418,60812
169418,62077
169418,64012
169418,94590
169418,95914
169418,123941
169418,166971
169418,248506
169418,309807
169418,316793
169418,327597
169418,397981
169418,511477
169418,769276
169418,2398955
169418,6992417
169418,31314000
170414,94363
171478,1451598
170934,2228965
173641,1451598
173821,1451598
173970,83791
175863,131550
176060,131550
175590,94363
175863,1570
175863,9236
175863,10005
175863,13256
175863,83715
175863,100942
175863,131550
175863,214209
175863,258293
175863,331054
175863,905238
175863,1577040
175863,2024123
175863,3044668
175863,5528110
176060,366549
179988,234670
179989,83791
179648,148163
179649,148163
180006,4966088
182509,94363
184154,4594
184154,5203
184154,23255
184154,32161
184154,37604
184154,45461
184154,78088
184154,102979
184154,142552
184154,248506
184154,258293
184154,431515
184154,615306
184154,705500
184154,885507
184154,1000473
184154,1079777
184154,1371144
184154,1880689
183250,131550
184989,1451598
185034,1451598
183250,83791
184154,32161
186077,1451598
191181,94363
190727,234670
188120,83791
191454,94363
191455,94363
191381,248515
191381,83791
191381,829426
197782,94363
198533,94363
197966,234670
197966,1451598
200475,1451598
198849,583987
201214,94363
201437,94363
201929,94363
205479,94363
206154,94363
207041,131550
206801,1451598
208598,1952330
208598,2572921
209312,234670
209312,1451598
209955,1451598
213416,94363
214073,83791
211630,5308
211630,11961
211630,32820
211630,124620
211630,229834
211630,332799
211630,421567
211630,479259
211630,985356
211630,1535371
211630,2544649
211630,3517403
221951,94363
221809,1451598
218398,175863
221951,4966088
227377,94363
228973,94363
231313,1451598
230730,120062
234670,8823
234670,19061
234670,49923
234670,52739
234670,92228
234670,99563
234670,108735
234670,108748
234670,137134
234670,209312
234670,248515
234670,249332
234670,249335
234670,249336
234670,258674
234670,837958
234670,1451598
234670,1644932
234670,1880689
234670,2062759
234670,2121380
234670,2337662
234670,2726603
234670,2851730
234670,4966088
234670,6091707
234670,8402204
234670,248515
234613,1451598
234670,1451598
234688,1451598
236241,1903
236241,15700
236241,132884
236241,167573
236241,2818557
234670,2121380
234670,2337662
234670,4966088
242259,1451598
246844,1451598
247463,131550
248514,131550
248515,131550
251627,131550
249097,94363
248515,234670
249320,234670
249332,234670
249335,234670
248506,248515
248515,376
248515,1934
248515,3383
248515,5203
248515,5823
248515,6038
248515,9577
248515,12117
248515,12930
248515,15462
248515,22947
248515,28538
248515,30887
248515,33325
248515,38698
248515,43216
248515,68825
248515,80412
248515,81116
248515,83715
248515,85663
248515,91225
248515,94081
248515,95914
248515,97076
248515,131550
248515,134464
248515,134594
248515,137069
248515,143334
248515,152052
248515,154562
248515,160243
248515,186598
248515,188965
248515,191381
248515,234573
248515,234670
248515,240746
248515,247463
248515,248506
248515,248514
248515,248567
248515,262417
248515,273908
248515,290634
248515,337824
248515,343909
248515,385023
248515,403109
248515,476693
248515,489545
248515,560019
248515,578570
248515,593002
248515,681829
248515,727107
248515,812602
248515,1206681
248515,1217757
248515,1318052
248515,1451598
248515,1509343
248515,1644932
248515,1849191
248515,1943346
248515,2225120
248515,2309613
248515,2365075
248515,2802729
248515,3504570
248515,4282726
248515,7916396
248515,1451598
249335,1451598
249336,1451598
249342,1451598
251071,1451598
252106,1451598
250028,83791
250030,83791
251546,83791
250971,175863
248529,564450
248515,2365075
248529,4549342
252636,94363
252654,94363
255173,94363
255176,94363
252643,234670
252642,1451598
257427,83791
257428,83791
257429,83791
257430,83791
257438,83791
257433,168661
257437,168661
257438,168661
257433,218
257433,168661
257433,257437
257433,403109
257433,829426
257433,829426
257437,2630812
258292,131550
258293,131550
258295,131550
258296,131550
259465,94363
262239,94363
262239,234670
263480,234670
262417,248515
258293,1451598
258671,1451598
258672,1451598
258673,1451598
258674,1451598
258682,1451598
258686,1451598
259551,1451598
258292,366549
258293,366549
258296,366549
258294,494267
258295,1262777
258292,1862783
258295,1862783
258293,2337662
265316,94363
267153,1451598
273200,131550
273942,94363
274595,94363
273908,248515
271254,1451598
276435,83791
271254,2337662
278292,1451598
278424,1451598
291830,184154
289543,94363
286837,1451598
289845,4248300
289845,494267
295507,131550
292165,94363
298246,248515
296743,83791
298252,83791
300509,94363
319323,94363
313677,1451598
319323,1451598
324572,94363
323033,234670
323549,248515
327597,169418
337365,94363
330604,1451598
331054,175863
332799,211630
347647,94363
358957,1302430
359640,83791
359640,2120879
356985,2337662
366549,131550
366550,131550
366552,131550
367234,1451598
366549,25747
366549,30771
366549,131550
366549,258292
366549,258293
366549,366550
366549,385041
366549,407633
366549,407831
366549,407847
366549,585193
366549,2195398
366549,3102589
366549,3548904
366549,3548905
366549,3772862
366549,3777931
366549,3850131
366549,7010464
366549,7645896
366549,7964376
367109,6178222
371621,5664804
379464,131550
375534,94363
376041,94363
373381,248515
381296,1451598
375534,4248300
380686,83791
380686,168661
380686,829426
395703,94363
385041,366549
403903,131550
397275,94363
402783,94363
404017,1451598
403091,83791
403109,83791
403109,168661
403109,257433
403903,133818
402499,4719105
407633,131550
407636,131550
408396,168661
407633,366549
407831,366549
407839,494267
429514,1451598
426303,83791
431807,131550
435450,94363
438586,234670
431807,175863
448599,4966088
464198,1799150
476770,234670
476770,1451598
504493,131550
506595,131550
489545,94363
506516,94363
490915,1451598
494267,83715
494267,258294
494267,905238
494267,3378480
494268,494267
494269,494267
494270,494267
494268,83715
494268,204033
494268,258293
494268,494267
494268,616741
494268,905238
514850,83791
520635,148163
547352,94363
557811,94363
561037,94363
557811,4248300
561188,131550
561335,131550
578570,248515
575886,1451598
561188,83791
576423,83791
564450,80395
578570,1654867
578570,1717563
561335,1862783
561335,2337662
576470,2337662
576470,3034912
580549,131550
585193,94363
588540,83791
585193,366549
583987,55551
583987,2018639
583987,3322165
583987,4008856
583987,7158230
588540,2228965
603371,94363
616048,94363
619381,94363
610861,1451598
617138,1451598
611454,83791
635352,83791
638259,131550
638783,94363
643400,94363
648317,1451598
657869,94363
660144,94363
671763,94363
674747,234670
657869,4248300
677841,829426
664457,95914
664457,97351
664457,1431774
664457,1654395
664457,2892142
664457,4341321
664457,4589426
664457,7574967
664457,4589426
681981,1451598
705500,184154
705823,94363
708034,94363
705823,234670
695725,248515
705823,1451598
705823,4248300
705823,494267
696900,2337662
713562,131550
719586,94363
714569,1451598
718292,1451598
724404,83791
727523,83791
728084,83791
720211,564450
720588,1973065
731740,1451598
754257,131550
756188,94363
763743,234670
756188,1451598
763743,1451598
754257,83791
755680,83791
756188,83791
762008,83791
762260,83791
756057,133818
764362,107885
764362,191381
764362,343909
764362,403109
764362,958342
764362,1222973
764362,1382471
764362,1712306
764362,1717563
764362,2020516
764362,2789277
764362,3152897
764362,3154731
764362,3322165
764362,3447196
764362,7309828
764362,30450932
764362,1382471
764362,1717563
754257,3072101
761400,4966088
782599,131550
782686,1451598
780093,83791
782599,83791
794908,131550
799553,94363
806105,94363
805778,1451598
811652,1451598
809255,83791
794908,366549
814748,94363
821637,1451598
812584,83791
827248,168661
827248,32161
811852,133818
827248,169418
812269,2337662
842585,94363
837958,234670
827248,1451598
829237,1451598
829426,1451598
837958,1451598
842795,1451598
829426,83791
840702,83791
829426,168661
829426,257433
829426,216
829426,5203
829426,8823
829426,9944
829426,13511
829426,17759
829426,20790
829426,22947
829426,25447
829426,26466
829426,27389
829426,27721
829426,28129
829426,28908
829426,30091
829426,33325
829426,41285
829426,54905
829426,55925
829426,60036
829426,63299
829426,73549
829426,81116
829426,82395
829426,83791
829426,88337
829426,95914
829426,97906
829426,99595
829426,102663
829426,102779
829426,109081
829426,112187
829426,116834
829426,120399
829426,120928
829426,123507
829426,130496
829426,132177
829426,133178
829426,135543
829426,153182
829426,155463
829426,159132
829426,165660
829426,168661
829426,191381
829426,205439
829426,206044
829426,208704
829426,248506
829426,248514
829426,248525
829426,256089
829426,257433
829426,257435
829426,257436
829426,258293
829426,274140
829426,289233
829426,289441
829426,403105
829426,403109
829426,403974
829426,438930
829426,510191
829426,538326
829426,563884
829426,584589
829426,639338
829426,697990
829426,704573
829426,719529
829426,790485
829426,850522
829426,882623
829426,887649
829426,1003352
829426,1016956
829426,1088785
829426,1122815
829426,1140025
829426,1403394
829426,1414374
829426,1414377
829426,1419848
829426,1424267
829426,1451598
829426,1494563
829426,1818971
829426,1839036
829426,1888881
829426,2001036
829426,2037564
829426,2058302
829426,2079320
829426,2128921
829426,2179739
829426,2229468
829426,2512248
829426,2656134
829426,2762543
829426,2904823
829426,2952777
829426,3018474
829426,3048804
829426,3199899
829426,3322165
829426,3356691
829426,3484120
829426,3608199
829426,3635469
829426,3886944
829426,4108549
829426,4725479
829426,4847310
829426,6151185
829426,6245398
829426,6315769
829426,6655705
829426,6696848
829426,6916580
829426,7082898
829426,7579082
829426,7747065
829426,7894341
829426,7937876
829426,8530189
829426,8678582
829426,8692462
829426,8719745
829426,9163232
829426,9259388
829426,9265753
829426,10501202
829426,10513179
829426,11320013
829426,11734531
829426,11899222
829426,11972417
829426,12436518
829426,13397084
829426,30583386
829426,31166228
829426,31625885
829426,1016956
834355,32161
829426,1016956
828171,1382471
828171,3062719
847822,131550
853619,94363
850522,83791
857313,83791
850522,829426
857156,2337662
881658,94363
881658,564450
881658,3426431
901471,1451598
887170,83791
905238,175863
905238,494267
905238,494268
931622,94363
932550,94363
933675,234670
929524,1451598
933849,175863
933231,236241
933231,3811335
933914,5094785
934253,1451598
939294,83791
942730,94363
945965,94363
946528,94363
947302,94363
946688,211630
966268,131550
954928,94363
962125,83791
958342,764362
960092,1386919
971978,1451598
985726,1451598
976245,83791
980225,83791
1000473,184154
991101,94363
993254,83791
1003352,83791
1003352,829426
1003352,1016956
993254,583987
1003352,1016956
993254,1382471
987459,2337662
1017115,131550
1017115,94363
1012271,83791
1016956,83791
1017115,83791
1025477,83791
1016956,829426
1012271,1016956
1016956,81116
1016956,83791
1016956,403109
1016956,829426
1016956,1003352
1016956,1012271
1016956,2085672
1012271,1016956
1016956,81116
1016956,83791
1016956,403109
1016956,829426
1016956,1003352
1016956,1012271
1016956,2085672
1017115,2120879
1032817,1302430
1032817,1451598
1032817,83791
1032817,1958789
1032817,4966088
1078060,1451598
1081966,1451598
1066389,83791
1084433,83791
1061337,4773532
1089544,94363
1090631,94363
1092963,94363
1094838,1451598
1115454,83791
1096460,2337662
1125273,131550
1135493,131550
1117199,94363
1118591,83791
1131629,83791
1136794,83791
1140025,83791
1152482,94363
1147812,234670
1160617,2121380
1170773,131550
1165618,94363
1168190,234670
1168543,1451598
1167592,83791
1160617,3400072
1160617,3626872
1160617,4966088
1190640,131550
1179004,94363
1185991,94363
1192531,234670
1196820,234670
1184173,1451598
1196820,83791
1186340,2223756
1195721,4966088
1206681,248515
1222973,764362
1222973,3887553
1230621,94363
1237925,94363
1234704,107586
1234704,1507128
1254759,94363
1261903,234670
1251789,32161
1262777,258295
1262777,2583420
1251789,1425554
1284151,131550
1268771,94363
1281888,1451598
1267359,3629732
1296743,94363
1302430,94363
1304047,94363
1296534,234670
1302430,28699
1302430,48827
1302430,63883
1302430,83715
1302430,94363
1302430,157074
1302430,170619
1302430,257765
1302430,305275
1302430,358957
1302430,899968
1302430,1406564
1302430,1431774
1302430,1659511
1302430,1717087
1302430,1920257
1302430,1974613
1302430,2252644
1302430,3320495
1302430,3451432
1302430,3607838
1302430,10105689
1296534,1451598
1304047,1451598
1293997,83791
1291942,1958789
1286245,2337662
1286245,3034912
1299404,5094785
1318052,248515
1326462,83791
1315826,1425554
1318063,1425554
1354434,234670
1343770,44646
1344265,24452
1344265,39041
1344265,108028
1344265,190466
1344265,248506
1344265,259680
1344265,665521
1344265,2221510
1344265,3102864
1344265,3513568
1344265,8188270
1360422,1360424
1360424,1360422
1360347,2337662
1360422,4541056
1380766,234670
1382471,83791
1382471,764362
1369349,995
1369349,1570
1369349,2099
1369349,2367
1369349,5823
1369349,8823
1369349,9236
1369349,9883
1369349,10689
1369349,11582
1369349,11961
1369349,13063
1369349,14765
1369349,28538
1369349,44905
1369349,74746
1369349,75324
1369349,97717
1369349,97819
1369349,108349
1369349,112064
1369349,112141
1369349,160317
1369349,271232
1369349,300174
1369349,372558
1369349,880803
1369349,1055024
1369349,1248323
1369349,1250886
1369349,1443849
1369349,1644128
1369349,2004747
1369349,2020826
1369349,2666187
1369349,2774524
1369349,3102864
1369349,3629732
1369349,6819168
1382471,30091
1382471,81116
1382471,83791
1382471,107885
1382471,143663
1382471,153182
1382471,191381
1382471,343909
1382471,403109
1382471,764362
1382471,1122815
1382471,1246906
1382471,1712306
1382471,1717563
1382471,1979481
1382471,2007782
1382471,2018639
1382471,2293917
1382471,2466322
1382471,2647803
1382471,3152897
1382471,3154731
1382471,3322165
1382471,3447196
1382471,3576064
1382471,30450932
1386919,22126
1386919,49563
1386919,94555
1386919,137388
1386919,144970
1386919,261868
1386919,384856
1386919,960092
1386919,1072632
1386919,1893496
1386919,2016136
1386919,3096509
1386919,3105083
1386919,8020405
1382471,1717563
1369349,3629732
1394802,131550
1396258,131550
1393074,94363
1397211,94363
1394107,234670
1390713,83791
1396258,366549
1391269,3629732
1406376,131550
1419848,131550
1403461,94363
1404724,94363
1419848,94363
1420531,1302430
1411137,1451598
1403458,83791
1419848,83791
1419848,168661
1419848,257433
1419848,829426
1419848,1016956
1419848,1016956
1414374,1425554
1445089,94363
1426348,234670
1443849,234670
1431774,1302430
1427625,1451598
1431774,83791
1433546,83791
1436103,83791
1444421,83791
1445812,83791
1425554,32161
1431774,664457
1425554,32161
1425554,289543
1425554,1251789
1425554,1315826
1425554,1318063
1425554,1414374
1425554,1481821
1425554,1890567
1425554,1895515
1425554,2085288
1425554,2085289
1425554,2184783
1425554,2185888
1425554,2337662
1425554,2391161
1425554,2731941
1425554,2952777
1425554,3258913
1425554,3766781
1425554,6796799
1425554,7082898
1425554,8592068
1425554,10281050
1425554,30850527
1425554,2337662
1446384,94363
1447964,83791
1451207,4966088
1453870,94363
1454401,234670
1456508,234670
1451598,1412
1451598,1934
1451598,2099
1451598,2421
1451598,2427
1451598,2441
1451598,2532
1451598,3569
1451598,3678
1451598,3871
1451598,4509
1451598,4786
1451598,5096
1451598,6240
1451598,6931
1451598,7326
1451598,7982
1451598,8295
1451598,8823
1451598,9308
1451598,9577
1451598,9888
1451598,11213
1451598,12979
1451598,13384
1451598,13511
1451598,14533
1451598,15376
1451598,16042
1451598,16110
1451598,18556
1451598,22152
1451598,22902
1451598,22947
1451598,23042
1451598,23883
1451598,24452
1451598,24858
1451598,27562
1451598,30063
1451598,30074
1451598,30937
1451598,32841
1451598,34389
1451598,36166
1451598,36428
1451598,40392
1451598,40872
1451598,41591
1451598,43112
1451598,43216
1451598,50522
1451598,52739
1451598,53055
1451598,53858
1451598,54855
1451598,55717
1451598,61544
1451598,64457
1451598,64531
1451598,65448
1451598,65687
1451598,65769
1451598,69481
1451598,71800
1451598,72593
1451598,79000
1451598,80662
1451598,81601
1451598,83791
1451598,86608
1451598,95044
1451598,95823
1451598,95914
1451598,97597
1451598,97819
1451598,97870
1451598,107885
1451598,107966
1451598,113589
1451598,118811
1451598,123126
1451598,123448
1451598,123507
1451598,124544
1451598,125411
1451598,128906
1451598,132093
1451598,135450
1451598,135739
1451598,137134
1451598,143926
1451598,149515
1451598,150408
1451598,155140
1451598,160243
1451598,161401
1451598,163663
1451598,170619
1451598,243445
1451598,246844
1451598,248514
1451598,251071
1451598,251742
1451598,252642
1451598,252658
1451598,258293
1451598,258672
1451598,258686
1451598,278424
1451598,319323
1451598,367234
1451598,372063
1451598,376498
1451598,393519
1451598,403109
1451598,429514
1451598,453314
1451598,490915
1451598,547562
1451598,601263
1451598,681981
1451598,778867
1451598,782686
1451598,853619
1451598,915649
1451598,1156954
1451598,1165238
1451598,1181550
1451598,1224966
1451598,1349604
1451598,1441372
1451598,1454809
1451598,1503154
1451598,1577367
1451598,1644932
1451598,1681003
1451598,1694221
1451598,1716024
1451598,1727639
1451598,1729626
1451598,1844469
1451598,1880689
1451598,1920257
1451598,1959696
1451598,2374457
1451598,2513990
1451598,2572257
1451598,2576709
1451598,2845853
1451598,2897483
1451598,3170635
1451598,3250296
1451598,3580918
1451598,3706574
1451598,3924641
1451598,3930527
1451598,4248300
1451598,4591395
1451598,5455929
1451598,5941366
1451598,7404183
1451598,7947951
1451598,8402204
1454809,1451598
1451598,4248300
1451598,83791
1452745,83791
1454388,211630
1454401,3062719
1458107,94363
1463558,1451598
1464031,83791
1481821,1425554
1465536,1637156
1485793,4985099
1493157,94363
1509343,248515
1494384,1451598
1502473,83791
1507128,1234704
1495921,2337662
1528268,94363
1530219,1451598
1527199,83791
1535371,211630
1556959,94363
1571954,94363
1556959,234670
1568238,248515
1591511,94363
1594263,94363
1592573,1451598
1576167,83791
1576395,83791
1580026,83791
1580460,83791
1586860,83791
1576167,168661
1576167,257433
1576167,829426
1576167,1016956
1576167,1016956
1590035,1386919
1614488,94363
1597283,1451598
1601613,583987
1631799,131550
1631799,94363
1631799,83791
1631799,664457
1631799,2120879
1631799,2337662
1634807,2337662
1631799,2630812
1631799,4966088
1640412,184154
1640412,94363
1640412,83791
1640412,148163
1637156,10068
1637156,436115
1637156,2632851
1637156,2954136
1637156,7352821
1637156,2954136
1640412,1451598
1640412,1369349
1640412,1690940
1640412,2026123
1640412,2121380
1640412,2228965
1640412,2337662
1640412,2630812
1640412,3247942
1640412,3400072
1640412,3626872
1640412,3803575
1640412,4966088
1640412,4985099
1644932,184154
1644932,131550
1644932,234670
1644932,248515
1659511,1302430
1644932,1451598
1644932,83791
1644932,829426
1644932,32161
1644932,133818
1656877,211630
1644932,583987
1654395,664457
1644932,1386919
1654867,5203
1654867,8179
1654867,248514
1654867,3108444
1644932,2337662
1659511,2337662
1644932,3034912
1644932,3733902
1654395,4589426
1668293,94363
1681543,1451598
1669902,3629732
1689455,94363
1689147,234670
1694221,1451598
1689030,83791
1704797,83791
1711329,83791
1690940,1570
1690940,9236
1690940,19076
1690940,380696
1690940,2518166
1690940,3398759
1690940,5472107
1716352,131550
1712474,248515
1717087,1302430
1712474,1451598
1716024,1451598
1717087,1451598
1719624,1451598
1716352,83791
1716352,175863
1717563,1382471
1712800,1425554
1717563,1654867
1717563,9236
1717563,19317
1717563,53055
1717563,65687
1717563,83969
1717563,107885
1717563,248506
1717563,248514
1717563,258293
1717563,343909
1717563,403109
1717563,578570
1717563,616741
1717563,1382471
1717563,1654867
1717563,1712306
1717563,2691429
1717563,7582134
1717563,30450932
1729613,81423
1729613,248506
1729613,365269
1729613,667414
1729613,1639886
1729613,6381595
1729613,6385058
1729613,6462997
1729613,6522950
1729613,7993804
1729613,7993805
1729613,7993806
1729613,9112957
1729613,9416410
1727639,2337662
1717087,4966088
1745771,131550
1747436,94363
1741357,83791
1747736,83791
1753595,94363
1758561,94363
1752916,166342
1752916,378925
1759782,4966088
1775918,131550
1767866,1451598
1773898,83791
1779679,4549342
1779679,4666200
1806253,94363
1791986,234670
1806939,83791
1799150,105770
1799150,403109
1799150,464198
1799150,639338
1799150,12125001
1815322,94363
1820727,1451598
1815272,2337662
1826435,184154
1823605,234670
1825447,1451598
1826435,1451598
1823654,83791
1826435,83791
1823654,829426
1826435,2026123
1827182,94363
1828310,94363
1826435,3400072
1826435,3626872
1826435,3803575
1836642,131550
1839134,94363
1840344,94363
1839088,234670
1833558,1451598
1839982,1451598
1830877,83791
1840344,83791
1839036,168661
1839036,829426
1840344,829426
1836642,175863
1832677,1425554
1831279,1570
1831279,9236
1831279,122176
1831279,2572921
1831279,2572926
1831279,2639410
1835521,2337662
1831279,2572921
1833558,3062719
1840004,3803575
1844383,94363
1844738,94363
1844769,94363
1855417,94363
1843623,234670
1849191,248515
1844043,1451598
1844469,1451598
1845413,83791
1847729,83791
1849997,83791
1880689,184154
1862783,131550
1873465,94363
1878390,94363
1883777,94363
1863625,234670
1879137,1302430
1880689,1451598
1858860,83791
1880689,83791
1862783,672
1862783,2169
1862783,25747
1862783,28538
1862783,30771
1862783,43814
1862783,117200
1862783,131550
1862783,206087
1862783,258292
1862783,258293
1862783,258295
1862783,273200
1862783,522018
1862783,561335
1862783,581858
1862783,1127241
1862783,1745771
1862783,1836642
1862783,1839443
1862783,1952293
1862783,2024123
1862783,2961254
1862783,2994820
1862783,3576064
1862783,5011623
1862783,6128002
1862783,6666637
1862783,7010464
1862783,7964376
1862783,10157112
1862325,2337662
1871226,2337662
1880689,3034912
1863625,3072101
1861491,3629732
1880689,3733902
1860578,3803575
1863625,5454068
1894529,94363
1897673,94363
1897914,4248300
1894529,5116396
1908503,83791
1894227,1253345
1893496,1386919
1895515,1425554
1902424,1752916
1903141,1831279
1897914,4966088
1897914,5603335
1920257,131550
1924857,131550
1911090,94363
1920257,1451598
1920257,83791
1923012,83791
1920257,2337662
1943162,131550
1950936,94363
1943162,234670
1943346,248515
1935157,1451598
1952330,1639886
1952330,3102864
1935151,3629732
1977803,1451598
1959317,829426
1958789,1291942
1973065,720588
1973065,3563034
1973065,3698616
1973065,3707847
1980410,184154
1983299,94363
1986557,94363
1983299,234670
1995121,1451598
1982275,83791
1991170,83791
1993528,9652
1993528,27507
1993528,39333
1993528,117426
1993528,206830
1993528,206831
1993528,908732
1993528,2094914
2000416,3400072
1984727,5115623
2024123,131550
2008035,94363
2024123,94363
2010266,234670
2014737,234670
2005845,1451598
2018906,1451598
2024123,175863
2024123,494267
2018639,583987
2004747,1369349
2020516,1382471
2024123,1862783
2015640,2228965
2005574,2337662
2037564,829426
2026123,1736
2026123,1981
2026123,3142
2026123,3871
2026123,8984
2026123,81423
2026123,119087
2026123,403109
2026123,437876
2026123,637670
2026123,1186340
2026123,2016667
2026123,2293917
2026123,2574738
2026123,2635466
2026123,2707033
2026123,3830187
2026123,5145885
2026123,5930636
2026123,5984851
2026123,7426966
2026123,7980305
2026123,9719302
2026123,10529489
2026123,11554178
2026123,11680224
2026123,14767667
2026123,30964714
2032349,2337662
2061191,184154
2061191,131550
2052962,94363
2056176,94363
2061191,94363
2061191,234670
2061191,248515
2054226,1451598
2061191,1451598
2061191,83791
2061191,168661
2061191,829426
2061191,1016956
2061191,32161
2061191,148163
2061191,169418
2061191,175863
2061191,211630
2061191,236241
2061191,366549
2061191,494267
2061191,764362
2061191,1016956
2051417,1654867
2061191,1717563
2061191,1752916
2057014,2630812
2057014,4666200
2070468,131550
2062345,94363
2062575,94363
2083314,94363
2062385,234670
2062759,234670
2062759,1451598
2073896,1451598
2062575,4248300
2084220,83791
2081866,4966088
2086145,1451598
2085289,5116396
2085672,83791
2088747,83791
2091951,83791
2085672,1016956
2085672,1016956
2085288,1425554
2085289,1425554
2098194,1729613
2088747,1958789
2085289,2337662
2091913,2337662
2098342,2337662
2085289,4966088
2116809,94363
2124695,94363
2125318,94363
2125716,94363
2121380,234670
2125318,234670
2128921,234670
2121380,1451598
2125716,4248300
2109899,83791
2120879,83791
2120879,5203
2120879,62077
2120879,83791
2120879,173641
2120879,359640
2120879,1140025
2120879,2968353
2120879,3067527
2120879,4629539
2120879,5565478
2121380,52739
2121380,79000
2121380,234670
2121380,258293
2121380,308319
2121380,351922
2121380,616741
2121380,1451598
2121380,1639886
2121380,1716222
2121380,2519390
2121380,6919552
2121380,7626104
2121380,7974856
2121380,7974857
2125140,600719
2125140,1446708
2110507,2630812
2157776,94363
2145629,234670
2157776,2120879
2178478,94363
2181130,94363
2187004,131550
2201934,94363
2191883,234670
2191889,234670
2201934,4248300
2184783,1425554
2185888,1425554
2192730,68157
2184298,2630812
2209437,94363
2213568,169418
2213989,4966088
2234292,94363
2224138,234670
2228703,234670
2238661,234670
2225120,248515
2231254,1451598
2234274,83791
2237236,211630
2223756,304057
2223756,1186340
2223756,7278000
2228965,376
2228965,2823
2228965,3871
2228965,13511
2228965,14597
2228965,17576
2228965,45722
2228965,53055
2228965,54924
2228965,87678
2228965,95914
2228965,100848
2228965,120744
2228965,516896
2228965,588540
2228965,982463
2228965,1082767
2228965,1258109
2228965,1267509
2228965,1786939
2228965,1822124
2228965,2015640
2228965,2353366
2228965,2630162
2228965,6072603
2252644,1302430
2254605,1451598
2256285,83791
2244961,829426
2274627,211630
2273297,174349
2273297,1419998
2273297,2274621
2273297,2395568
2273297,2395568
2244961,4966088
2283600,94363
2294790,94363
2284619,1451598
2292793,1451598
2300120,1451598
2290863,133818
2293917,764362
2296551,764362
2293917,1382471
2296551,1382471
2293917,2026123
2313223,94363
2309613,248515
2314247,83791
2314705,83791
2314767,3400072
2337662,184154
2329992,131550
2337662,131550
2330462,94363
2331074,234670
2337662,234670
2318841,248515
2327331,1451598
2337662,4248300
2337662,5116396
2320404,83791
2327528,83791
2330645,83791
2341432,83791
2342852,83791
2337662,664457
2337662,1425554
2337662,1958789
2318841,2223756
2337662,144
2337662,5441
2337662,8339
2337662,12726
2337662,14597
2337662,14829
2337662,20317
2337662,23145
2337662,23234
2337662,25437
2337662,25442
2337662,25747
2337662,34560
2337662,36846
2337662,43814
2337662,54924
2337662,61544
2337662,64648
2337662,67764
2337662,71815
2337662,76137
2337662,81423
2337662,88430
2337662,92232
2337662,92754
2337662,95914
2337662,101075
2337662,108347
2337662,122176
2337662,130496
2337662,131299
2337662,131550
2337662,139966
2337662,155321
2337662,160336
2337662,166498
2337662,170619
2337662,184154
2337662,192594
2337662,206182
2337662,213555
2337662,229902
2337662,234670
2337662,248506
2337662,249336
2337662,251742
2337662,257765
2337662,258293
2337662,267083
2337662,271254
2337662,343290
2337662,391207
2337662,403109
2337662,420750
2337662,545502
2337662,545782
2337662,561335
2337662,576470
2337662,630025
2337662,664457
2337662,672764
2337662,711306
2337662,754257
2337662,762723
2337662,804935
2337662,812269
2337662,820149
2337662,834859
2337662,850522
2337662,884686
2337662,987459
2337662,1031121
2337662,1031810
2337662,1032817
2337662,1096460
2337662,1138505
2337662,1140025
2337662,1156954
2337662,1176380
2337662,1177197
2337662,1194670
2337662,1206681
2337662,1224844
2337662,1267509
2337662,1286245
2337662,1414377
2337662,1425554
2337662,1455646
2337662,1464593
2337662,1466052
2337662,1495921
2337662,1505554
2337662,1545926
2337662,1569134
2337662,1577367
2337662,1604453
2337662,1644932
2337662,1659511
2337662,1727639
2337662,1800116
2337662,1815272
2337662,1822124
2337662,1840344
2337662,1871226
2337662,1878294
2337662,1880689
2337662,1897914
2337662,1920257
2337662,1948770
2337662,1958789
2337662,2005574
2337662,2047288
2337662,2085289
2337662,2091913
2337662,2098342
2337662,2113575
2337662,2185887
2337662,2214851
2337662,2233386
2337662,2251641
2337662,2276268
2337662,2349035
2337662,2365075
2337662,2382387
2337662,2404437
2337662,2480835
2337662,2497072
2337662,2518807
2337662,2558777
2337662,2559336
2337662,2574738
2337662,2593052
2337662,2597511
2337662,2635466
2337662,2637600
2337662,2639087
2337662,2648435
2337662,2656134
2337662,2664875
2337662,2671492
2337662,2731941
2337662,2767005
2337662,2811858
2337662,2818557
2337662,2917676
2337662,2925106
2337662,2952777
2337662,2987543
2337662,2994104
2337662,3000926
2337662,3009718
2337662,3034912
2337662,3039311
2337662,3108444
2337662,3164465
2337662,3177028
2337662,3183899
2337662,3208096
2337662,3243381
2337662,3283939
2337662,3331695
2337662,3459951
2337662,3475384
2337662,3493823
2337662,3495416
2337662,3576064
2337662,3582239
2337662,3599579
2337662,3618999
2337662,3733902
2337662,3765597
2337662,3792185
2337662,3793446
2337662,3803575
2337662,3822911
2337662,3832537
2337662,3878252
2337662,3880131
2337662,3880220
2337662,3882908
2337662,3889899
2337662,3930527
2337662,3941138
2337662,3974734
2337662,4003801
2337662,4038167
2337662,4099126
2337662,4106986
2337662,4248300
2337662,4255988
2337662,4341321
2337662,4372860
2337662,4397935
2337662,4434062
2337662,4443509
2337662,4471206
2337662,4486127
2337662,4492713
2337662,4538442
2337662,4591395
2337662,4600971
2337662,4711348
2337662,4725479
2337662,4849450
2337662,4880649
2337662,4912428
2337662,4966088
2337662,4995579
2337662,5004358
2337662,5109833
2337662,5116396
2337662,5120681
2337662,5160152
2337662,5164211
2337662,5424571
2337662,5482523
2337662,5499259
2337662,5521243
2337662,5540973
2337662,5603335
2337662,5664644
2337662,5736226
2337662,5747821
2337662,5766952
2337662,5770275
2337662,5790101
2337662,5913426
2337662,5930248
2337662,5941136
2337662,5952862
2337662,5968229
2337662,5982225
2337662,5984881
2337662,6072603
2337662,6091672
2337662,6091680
2337662,6129587
2337662,6143336
2337662,6151824
2337662,6179126
2337662,6181887
2337662,6195954
2337662,6213450
2337662,6218676
2337662,6357836
2337662,6406697
2337662,6457060
2337662,6521631
2337662,6634094
2337662,6711127
2337662,6724240
2337662,6729853
2337662,6730336
2337662,6754025
2337662,6780224
2337662,6789586
2337662,6796850
2337662,6797005
2337662,6834193
2337662,6834523
2337662,6956460
2337662,6966549
2337662,7014330
2337662,7036804
2337662,7083897
2337662,7216574
2337662,7308646
2337662,7326542
2337662,7461772
2337662,7476009
2337662,7490868
2337662,7595070
2337662,7624871
2337662,7635354
2337662,7640399
2337662,7672331
2337662,7686702
2337662,7694251
2337662,7723741
2337662,7811082
2337662,7847670
2337662,7893826
2337662,8006165
2337662,8009396
2337662,8050040
2337662,8052680
2337662,8077459
2337662,8231155
2337662,8289580
2337662,8315964
2337662,8520957
2337662,8523107
2337662,8686184
2337662,8753986
2337662,8763387
2337662,8769184
2337662,9165298
2337662,9190279
2337662,9280111
2337662,9313035
2337662,9450381
2337662,9505890
2337662,9514815
2337662,9528525
2337662,9610082
2337662,9723068
2337662,9725788
2337662,9748185
2337662,9832576
2337662,10067843
2337662,10155688
2337662,10155689
2337662,10155690
2337662,10281050
2337662,10302920
2337662,10313846
2337662,10391808
2337662,10401921
2337662,10462283
2337662,10485118
2337662,10605075
2337662,10605266
2337662,10617637
2337662,10621344
2337662,10667389
2337662,10814654
2337662,10866150
2337662,10998113
2337662,11014563
2337662,11195268
2337662,11218653
2337662,11429336
2337662,11645301
2337662,12020234
2337662,12077080
2337662,12172724
2337662,12183029
2337662,12237217
2337662,12345038
2337662,12436518
2337662,12559881
2337662,13199517
2337662,13379931
2337662,24575741
2337662,25783043
2337662,25790870
2337662,30453453
2337662,30627111
2337662,31187495
2337662,31726202
2337662,31820733
2337662,2365075
2337662,3034912
2337662,3733902
2337662,3803575
2337662,4966088
2337662,5603335
2337662,5736226
2361068,234670
2358990,4248300
2344982,83791
2353366,2228965
2353669,1880
2353669,25991
2353669,35043
2353669,37417
2353669,68608
2353669,70351
2353669,125307
2353669,132275
2353669,134685
2353669,151511
2353669,206364
2353669,209940
2353669,254190
2353669,395565
2353669,410576
2353669,501593
2353669,723503
2353669,1006350
2353669,1237948
2353669,1470140
2353669,1493185
2353669,2265994
2353669,3334377
2353669,5068257
2353669,12008168
2365075,248515
2364881,83791
2365075,248515
2365075,2233386
2365075,8402204
2367299,211630
2368091,2630812
2385535,94363
2377923,83791
2383749,1425554
2382387,2337662
2380996,3400072
2382387,4966088
2386360,2337662
2385535,3626872
2385535,4966088
2390265,94363
2389414,234670
2391161,1425554
2392010,2337662
2388447,3639523
2395193,94363
2407305,94363
2409478,1451598
2395291,83791
2396453,133818
2395568,2592903
2396247,2396614
2396614,3808
2396614,19076
2396614,22947
2396614,37811
2396614,507001
2396614,1299750
2396614,2396247
2396614,2396248
2396614,2591364
2396614,3628324
2396614,11841956
2397451,4966088
2413321,94363
2417801,94363
2439074,94363
2440154,94363
2422781,234670
2420069,83791
2422355,83791
2439262,169418
2428615,1637156
2432606,2572921
2455552,94363
2461883,94363
2467202,94363
2458126,1451598
2455552,4248300
2450284,83791
2458161,83791
2451437,22947
2483855,1302430
2477527,1451598
2478907,1451598
2480835,5116396
2490173,83791
2489127,32161
2480835,2337662
2480835,3034912
2480835,3803575
2480835,4966088
2509502,131550
2500277,94363
2514523,94363
2514777,94363
2514523,83791
2512248,829426
2517361,4966088
2521975,131550
2518166,94363
2518166,234670
2522543,234670
2522543,1451598
2524265,1451598
2520612,83791
2521489,83791
2518166,1690940
2528968,1993528
2519390,2121380
2551808,131550
2546146,94363
2553267,94363
2555541,94363
2556162,94363
2556565,234670
2543355,1451598
2548453,83791
2551808,2337662
2555541,3034912
2572740,234670
2573473,234670
2568965,1451598
2565980,83791
2570291,83791
2570291,829426
2572921,1831279
2572926,1831279
2572921,391207
2572921,1831279
2572921,2432606
2572921,2572926
2572921,2818557
2572921,5709803
2572921,6087628
2572921,7131464
2572926,2572921
2577139,4966088
2583420,131550
2586275,234670
2580472,83791
2580691,83791
2580691,168661
2580691,257433
2580691,764362
2580691,1382471
2580691,1717563
2580691,2337662
2580691,3034912
2580691,3803575
2580691,4966088
2580691,5603335
2580691,5923910
2597511,131550
2604200,94363
2594801,234670
2604200,4248300
2596356,83791
2593052,2337662
2635228,248515
2629257,83791
2636344,83791
2635228,564450
2630812,9883
2630812,100937
2630812,2368091
2630812,3796670
2630812,3845997
2630812,3951697
2630812,4067092
2630812,4488709
2630812,6399244
2630812,8781651
2630812,11879040
2630812,12084664
2635228,3155269
2635228,3426431
2635228,4549342
2635228,4628993
2635228,4666200
2635228,4666202
2628646,4966088
2635228,5459652
2635228,5923910
2638528,131550
2650007,131550
2639433,234670
2639081,83791
2642920,564450
2639410,2572921
2639087,3034912
2659270,234670
2686590,83791
2691429,1717563
2671492,2337662
2697015,3629732
2728324,131550
2731941,131550
2718829,94363
2726603,234670
2731941,234670
2731941,1451598
2736730,1451598
2731941,5116396
2716011,83791
2719750,211630
2731941,1425554
2707033,2026123
2731941,2337662
2711273,3789
2711273,5260
2711273,22947
2711273,27767
2711273,53183
2711273,79063
2711273,90928
2711273,95914
2711273,97618
2711273,248125
2711273,258293
2711273,1446708
2711273,1604453
2711273,1822124
2711273,1860856
2711273,2762543
2711273,3322165
2711273,5528464
2711273,6464730
2742186,3062719
2731941,4966088
2755100,131550
2754790,94363
2755100,175863
2753973,1343770
2744021,3639523
2745792,3710839
2755137,94363
2755251,94363
2761224,94363
2755100,234670
2755251,234670
2755100,248515
2755100,1451598
2755100,2192730
2774706,131550
2779770,131550
2774706,94363
2777427,94363
2779403,94363
2777077,234670
2774706,248515
2774706,1451598
2774706,83791
2781696,83791
2774706,829426
2774706,1369349
2774706,2228965
2767005,2337662
2774706,3605766
2774706,4010926
2774706,4296145
2811858,131550
2809715,94363
2815002,94363
2816323,94363
2815754,234670
2802729,248515
2815754,248515
2815754,1451598
2811858,4248300
2815754,4248300
2811858,5116396
2792420,83791
2798697,83791
2804844,83791
2811858,1425554
2811858,2337662
2818557,2337662
2818557,2572921
2811858,3034912
2811858,3072101
2811858,3803575
2811858,4966088
2811858,5115623
2811858,5459652
2811858,5603335
2811858,5736226
2822220,94363
2839523,248515
2843158,83791
2829474,583987
2826082,2630812
2851730,94363
2852425,94363
2858877,94363
2860295,94363
2870501,94363
2850523,234670
2851730,234670
2851730,1451598
2860295,83791
2862823,1386919
2885191,94363
2890569,211630
2892142,664457
2878461,1425554
2897192,94363
2899875,94363
2919734,94363
2899875,4248300
2920676,829426
2920676,1382471
2920564,7906185
2912889,5115623
2949005,94363
2952448,133818
2951741,211630
2926613,583987
2926613,1382471
2981789,1451598
2952777,1425554
2954136,1637156
2952777,2337662
2954136,1637156
2986672,131550
2987452,131550
2991400,94363
2986672,234670
2986672,1451598
3009718,1451598
2983034,83791
2986672,83791
3002862,83791
3009552,83791
2986672,32161
2986672,211630
2986672,236241
2986672,366549
2986672,1332874
2986672,1637156
2986672,1654867
3000926,2337662
2986672,3811335
3034912,131550
3020179,234670
3021796,1451598
3038440,1451598
3021798,2337662
3034912,2337662
3032976,5260
3032976,7125
3032976,14765
3032976,22947
3032976,95914
3032976,149515
3032976,391207
3032976,936870
3032976,5710129
3033338,3032976
3034912,896
3034912,22947
3034912,104734
3034912,122176
3034912,131550
3034912,239479
3034912,241886
3034912,258293
3034912,538670
3034912,576470
3034912,1259917
3034912,1286245
3034912,1419998
3034912,1644932
3034912,1880689
3034912,2164751
3034912,2337662
3034912,2468643
3034912,2480835
3034912,2516074
3034912,2639087
3034912,2811858
3034912,3183899
3034912,3576064
3034912,3832537
3034912,3978553
3034912,4099126
3034912,4443509
3034912,5603335
3034912,5999117
3034912,6091672
3034912,7887452
3034912,8009396
3034912,5603335
3048473,1451598
3053828,1451598
3040839,83791
3048804,83791
3067527,2120879
3039311,2337662
3046113,119087
3046113,665521
3046113,3322165
3062719,22947
3062719,54134
3062719,72477
3062719,108748
3062719,109687
3062719,137134
3062719,213322
3062719,235257
3062719,370241
3062719,486286
3062719,630075
3062719,665521
3062719,923853
3062719,1051315
3062719,1454401
3062719,1529346
3062719,1547974
3062719,1833558
3062719,3102864
3062719,3120016
3062719,3526258
3062719,3582882
3062719,8074991
3077113,94363
3092268,248515
3102423,1831279
3072101,1863625
3110118,234670
3135041,234670
3123342,83791
3135041,3032976
3106561,4933412
3143705,94363
3145184,94363
3146139,94363
3144151,234670
3143705,1451598
3148103,32161
3148103,148163
3148103,169418
3148103,1451598
3148103,1369349
3148103,3046113
3148103,3400072
3148103,3626872
3148103,4549342
3148103,4966088
3154622,94363
3157508,94363
3161664,94363
3171212,94363
3156091,234670
3148794,169418
3152897,583987
3152897,1382471
3155269,2635228
3155269,7472869
3155269,7894341
3155269,7902702
3155269,10991176
3151145,3803575
3209219,131550
3176665,94363
3192483,234670
3189238,1451598
3207423,83791
3177028,2337662
3183684,27377
3183684,53055
3183684,3558043
3183684,10186221
3221502,94363
3234748,234670
3238333,83791
3215700,564450
3246744,94363
3250296,94363
3247942,3959402
3276861,94363
3295400,234670
3276861,4248300
3283939,4719105
3279399,4966088
3313351,234670
3317045,1302430
3322165,583987
3322165,1382471
3349888,131550
3333230,94363
3337054,94363
3349888,1451598
3325649,83791
3349888,83791
3349888,366549
3349888,583987
3349888,1382471
3325514,2337662
3349888,2337662
3349888,2365075
3349888,3072101
3349888,3733902
3355222,94363
3365387,94363
3370260,94363
3378480,494267
3358179,1717563
3394657,83791
3400072,83791
3406172,83791
3406028,583987
3400072,1736
3400072,1779
3400072,1954
3400072,6240
3400072,7165
3400072,9883
3400072,12359
3400072,17717
3400072,24452
3400072,32677
3400072,60812
3400072,83791
3400072,95446
3400072,108622
3400072,119087
3400072,123757
3400072,132330
3400072,146511
3400072,258293
3400072,376498
3400072,883111
3400072,1639886
3400072,2000416
3400072,2016667
3400072,2380996
3400072,2629032
3400072,2686846
3400072,3765597
3400072,5521243
3400072,5864101
3400072,6110380
3400072,7282519
3400072,8315964
3448694,94363
3418862,83791
3447196,1382471
3426431,41591
3426431,53055
3426431,64852
3426431,72301
3426431,157243
3426431,190610
3426431,248506
3426431,2558777
3426431,2635228
3426431,3452073
3426431,5078863
3426431,6439902
3426431,6898064
3426431,7296789
3429879,3803575
3471022,94363
3467052,1451598
3475384,2337662
3453814,4966088
3493645,131550
3495171,131550
3482050,94363
3493319,234670
3504570,248515
3499355,1451598
3492935,83791
3499247,83791
3493823,2337662
3494468,3426431
3495171,4773532
3531925,94363
3541845,94363
3538500,564450
3526806,3629732
3564691,94363
3546449,83791
3548448,83791
3564691,169418
3564691,175863
3548904,366549
3579224,94363
3581721,234670
3578531,1451598
3578709,1451598
3576064,1382471
3576064,1862783
3564691,2026123
3576064,2337662
3576064,3034912
3564691,3400072
3576064,3733902
3576064,3803575
3564691,4549342
3599597,94363
3596019,1451598
3599579,2337662
3596019,3062719
3627857,131550
3639861,94363
3642296,234670
3623737,1451598
3639855,1451598
3626931,83791
3642873,83791
3653026,564450
3629732,1369349
3629839,2337662
3626872,123757
3629732,1369349
3629732,1861491
3629732,3526806
3629732,4765315
3629732,7354297
3629732,7372409
3629732,7694838
3629732,8281287
3636380,191375
3639523,2388447
3653026,3803575
3629839,4966088
3653103,4966088
3653026,5923910
3682702,234670
3661390,1451598
3662727,83791
3684530,83791
3671196,1253345
3688526,94363
3688872,94363
3688872,829426
3688872,1302430
3688872,1451598
3688872,1386919
3688872,2337662
3688872,2396614
3688872,3426431
3688872,3803575
3688872,4295020
3688872,4628993
3688872,4966088
3688872,5782325
3695242,94363
3695304,94363
3715291,94363
3710839,2745792
3707173,3805966
3699138,3882770
3706574,4966088
3715871,94363
3746339,234670
3715871,1451598
3733902,2337662
3732701,3629732
3733902,14969
3733902,1644932
3733902,1880689
3733902,2093983
3733902,2337662
3733902,3576064
3733902,4684683
3733902,6693336
3733902,6708100
3755116,94363
3758747,94363
3754453,234670
3759170,234670
3762820,1302430
3747047,1451598
3755759,1451598
3757550,1451598
3763695,1451598
3766781,83791
3765597,1425554
3765143,2228965
3765597,2337662
3765597,3400072
3765597,4666200
3777931,131550
3783285,1302430
3772397,1451598
3772862,366549
3777931,366549
3776365,2337662
3795406,94363
3796042,94363
3800820,248515
3801808,83791
3801808,168661
3801808,829426
3801808,1016956
3801808,1016956
3796118,3811335
3820421,94363
3823489,1451598
3803575,5116396
3822486,83791
3803575,2337662
3814572,2337662
3822911,2337662
3805966,3032976
3803575,3034912
3814036,3034912
3814321,3629732
3803575,5993
3803575,28603
3803575,29881
3803575,48480
3803575,99350
3803575,121661
3803575,136835
3803575,266467
3803575,300218
3803575,373445
3803575,451096
3803575,598339
3803575,1032817
3803575,1414377
3803575,1431774
3803575,1545926
3803575,1840004
3803575,1860578
3803575,1897914
3803575,2085289
3803575,2337662
3803575,2480835
3803575,2731941
3803575,2811858
3803575,2924588
3803575,3008222
3803575,3034912
3803575,3151145
3803575,3175224
3803575,3313862
3803575,3429879
3803575,3519899
3803575,3576064
3803575,3653026
3803575,3946283
3803575,4099126
3803575,4443509
3803575,4468029
3803575,4486127
3803575,4591395
3803575,4966088
3803575,5116396
3803575,5562093
3803575,5583880
3803575,5603335
3803575,5923910
3803575,5930248
3803575,5982225
3803575,6335147
3803575,6516820
3803575,6711127
3803575,6729853
3803575,6780224
3803575,6834193
3803575,7572140
3803575,7811082
3803575,8006165
3803575,9399949
3803575,9436180
3803575,10130529
3803575,10155689
3803575,10391808
3803575,10494834
3803575,11195268
3803575,23608732
3805966,5203
3805966,2008456
3805966,3032976
3805966,3707173
3805966,10415824
3811335,5243
3811335,9308
3811335,11961
3811335,14248
3811335,23936
3811335,25603
3811335,37934
3811335,42982
3811335,63678
3811335,68157
3811335,68668
3811335,74603
3811335,126052
3811335,127255
3811335,127333
3811335,139183
3811335,160243
3811335,178966
3811335,269639
3811335,365601
3811335,435816
3811335,457512
3811335,571455
3811335,893952
3811335,1032361
3811335,1845074
3811335,3457813
3803575,4966088
3822911,4966088
3803575,5603335
3803575,5923910
3854910,131550
3834335,94363
3833244,211630
3832537,2337662
3845997,2630812
3832537,3034912
3834335,5603335
3875667,131550
3878943,234670
3867740,1425554
3878252,2337662
3878943,2337662
3866351,2572921
3870365,4966088
3885912,94363
3905892,94363
3886397,234670
3913845,1302430
3905892,4248300
3882770,2630812
3882770,19076
3882770,43814
3882770,60812
3882770,258293
3882770,375535
3882770,410815
3882770,631153
3882770,674146
3882770,2574738
3882770,2630812
3882770,2943507
3882770,3024820
3882770,3175224
3882770,3699138
3882770,4298595
3882770,5682599
3882770,6085614
3882770,6496524
3882770,7540139
3882770,7586367
3882770,8162025
3882770,10419762
3882770,13366192
3882770,28029019
3887553,2164751
3887553,8115793
3887553,10232524
3919655,131550
3940975,131550
3923552,94363
3935143,234670
3941145,234670
3930527,1451598
3940918,1451598
3916902,83791
3928559,83791
3928560,83791
3941909,133818
3930527,2337662
3930527,4966088
3954320,94363
3964306,94363
3946828,234670
3954320,1451598
3954875,83791
3962133,83791
3978310,83791
3983165,83791
3951697,2630812
3959402,3247942
3946283,3803575
3989329,234670
4003801,83791
4008855,583987
4008856,583987
4003801,2337662
4013940,2337662
4010926,2567110
4010926,7681586
4034321,234670
4032068,1451598
4033487,83791
4034466,83791
4038167,1382471
4036822,1637156
4038167,2337662
4081097,94363
4096007,83791
4082399,120062
4082399,169418
4082399,1344265
4082399,1369349
4082399,1717563
4096007,1958789
4067092,2630812
4082399,3400072
4098157,3426431
4098157,4295020
4116787,131550
4203089,131550
4189582,94363
4106434,1451598
4121812,4248300
4099126,2337662
4099126,3034912
4203089,3034912
4248300,94363
4272421,94363
4281135,234670
4282726,248515
4281135,1451598
4248300,5203
4248300,28699
4248300,83715
4248300,94363
4248300,289845
4248300,557811
4248300,657869
4248300,905238
4248300,1897914
4248300,2125716
4248300,2604200
4248300,3276861
4248300,3905892
4248300,4711323
4248300,6156821
4248300,6890893
4273513,83791
4250217,1729613
4273513,2337662
4242601,3426431
4281135,4966088
4285821,131550
4307131,131550
4293281,94363
4310266,94363
4307131,234670
4313589,234670
4285821,248515
4313589,1451598
4312221,83791
4306727,2337662
4295020,2691182
4296145,101762
4296145,1451168
4298283,5203
4298283,7219417
4298283,12046506
4375141,234670
4341321,83791
4341321,168661
4341321,257433
4341321,829426
4341321,1016956
4341321,664457
4341321,1016956
4341321,1958789
4341321,2337662
4372860,2337662
4341321,4589426
4341321,5459652
4398039,94363
4430454,94363
4431092,234670
4412603,83791
4459930,94363
4458212,234670
4443509,5116396
4456220,83791
4443509,2337662
4443509,3034912
4432603,3426431
4443509,3803575
4432603,4628993
4443509,4966088
4443509,5603335
4443509,5923910
4482455,94363
4489587,366549
4481779,1958789
4471206,2337662
4488709,2630812
4538705,234670
4564578,234670
4549342,248515
4549342,3426431
4541056,5260
4541056,11703
4541056,525402
4541056,1127224
4541056,12046506
4549342,3142
4549342,5205
4549342,26083
4549342,68987
4549342,95914
4549342,222721
4549342,222754
4549342,248506
4549342,248513
4549342,248515
4549342,248529
4549342,276934
4549342,286743
4549342,311035
4549342,995745
4549342,1386026
4549342,1568238
4549342,1630205
4549342,1639886
4549342,1779679
4549342,1958686
4549342,2016667
4549342,2200920
4549342,2635228
4549342,2728258
4549342,2802729
4549342,2912379
4549342,3426431
4549342,4522436
4549342,6476133
4549342,8402204
4549342,10797151
4625956,94363
4592321,1451598
4624572,1451598
4591395,5116396
4589426,664457
4600971,1425554
4596439,1654867
4591395,2337662
4600971,2337662
4589426,664457
4589426,1654395
4589426,4341321
4591395,4966088
4631864,131550
4634887,234670
4649279,234670
4631864,83791
4643096,83791
4647958,83791
4649477,83791
4629539,2120879
4648715,3034912
4628839,3502958
4628993,7182
4628993,8363
4628993,32550
4628993,72477
4628993,1779679
4628993,1837246
4628993,2404437
4628993,2635228
4628993,2728258
4628993,2802729
4628993,3248548
4628993,4666202
4628993,5550392
4628993,7382237
4628993,7495809
4628993,7902702
4628993,8512558
4628993,8814405
4628993,12173248
4628993,4666202
4636451,4985099
4665810,94363
4700549,83791
4666969,2337662
4666202,3155269
4684683,3733902
4666202,4628993
4666200,425
4666200,32953
4666200,96396
4666200,103239
4666200,187800
4666200,1127553
4666200,1186340
4666200,1203342
4666200,1240082
4666200,1414377
4666200,1779679
4666200,2057014
4666200,2214625
4666200,2404437
4666200,2586275
4666200,2635228
4666200,3023650
4666200,3765597
4666200,5459652
4666200,6350039
4666200,6972402
4666200,7082898
4666200,7361623
4666200,7374632
4666200,7381991
4666200,7506458
4666200,7575926
4666200,7698317
4666200,7858285
4666200,7902702
4666200,8043945
4666200,9062539
4666200,9583872
4666200,10228951
4666200,10301847
4666200,10627510
4666200,11278692
4666200,13663579
4666200,30742273
4666200,31057613
4666202,2635228
4666202,3155269
4666202,4628993
4666202,7495809
4666202,7506458
4666200,5459652
4701566,94363
4711323,94363
4713263,94363
4725479,94363
4716975,1451598
4722243,1451598
4742892,1451598
4711323,4248300
4705764,83791
4708287,83791
4719105,17112
4763098,1451598
4769987,83791
4771987,83791
4766949,3605766
4765315,3629732
4773532,1061337
4773532,2409292
4773532,2647803
4773532,3354174
4773532,5764707
4773532,6199184
4773532,7219025
4773532,11049639
4773532,15878812
4782248,4985099
4851675,94363
4862617,94363
4849450,234670
4867663,234670
4880885,1451598
4888101,1451598
4849450,83791
4887435,83791
4900241,829426
4849450,2337662
4862617,2337662
4881901,4966088
4966088,131550
4956460,94363
4912428,234670
4942717,234670
4943045,234670
4966088,234670
4940051,248515
4966088,248515
4911980,1451598
4933107,1451598
4966088,1451598
4907067,83791
4966088,83791
4935785,494268
4912428,2337662
4964899,2337662
4966088,2337662
4966088,3426431
4933412,3106561
4966088,376
4966088,1979
4966088,2080
4966088,2289
4966088,3142
4966088,3339
4966088,3631
4966088,4297
4966088,6952
4966088,14733
4966088,17038
4966088,17141
4966088,18556
4966088,22662
4966088,22947
4966088,26331
4966088,26900
4966088,28538
4966088,43814
4966088,49563
4966088,60812
4966088,61844
4966088,63012
4966088,63369
4966088,66996
4966088,72999
4966088,81579
4966088,83791
4966088,95914
4966088,97618
4966088,97791
4966088,119087
4966088,124446
4966088,131550
4966088,136392
4966088,149515
4966088,153469
4966088,180006
4966088,234670
4966088,240219
4966088,242699
4966088,248515
4966088,254898
4966088,258293
4966088,283028
4966088,448274
4966088,525402
4966088,648594
4966088,756188
4966088,998909
4966088,1032817
4966088,1164661
4966088,1195721
4966088,1232372
4966088,1328875
4966088,1451598
4966088,1515498
4966088,1626270
4966088,1717087
4966088,1897914
4966088,2085289
4966088,2337662
4966088,2349917
4966088,2382387
4966088,2480835
4966088,2578102
4966088,2580691
4966088,2731941
4966088,2811858
4966088,3126414
4966088,3279399
4966088,3426431
4966088,3453814
4966088,3629839
4966088,3703722
4966088,3706574
4966088,3812576
4966088,3822911
4966088,3930527
4966088,4443509
4966088,4591395
4966088,4881901
4966088,5145885
4966088,5430733
4966088,5540973
4966088,5548521
4966088,6103287
4966088,6129587
4966088,6426670
4966088,6724240
4966088,6786833
4966088,7326542
4966088,7790383
4966088,7921995
4966088,8077459
4966088,8315964
4966088,8402204
4966088,10281050
4966088,10667389
4966088,11087612
4966088,11628915
4966088,12058287
4966088,12172724
4966088,31726202
4982519,131550
4993494,131550
5006169,94363
5007114,94363
5009841,94363
5013499,94363
4994038,1451598
5001037,1451598
5009841,1451598
4993494,366549
5011623,1862783
4994550,2121380
5001037,4966088
4985099,5203
4985099,6235
4985099,103640
4985099,190726
4985099,201775
4985099,235711
4985099,258293
4985099,292391
4985099,804180
4985099,829707
4985099,1640412
4985099,1941180
4985099,2161300
4985099,2589588
4985099,2805398
4985099,2818557
4985099,2832492
4985099,4162388
4985099,4636451
4985099,4782248
4985099,5899148
4985099,9641546
4985099,11790817
4985099,13330706
4985099,30978969
5014736,94363
5029485,1302430
5045042,494267
5045042,4298283
5051061,1451598
5090102,131550
5068048,94363
5081596,94363
5090417,94363
5076745,234670
5080426,234670
5061852,83791
5078395,83791
5090102,366549
5090102,2337662
5078863,3426431
5076635,3629732
5075098,5702892
5144961,131550
5121187,234670
5126736,1451598
5116396,1897914
5116396,2337662
5116396,2811858
5116396,3803575
5116396,4443509
5116396,4591395
5116396,6834193
5116396,7785968
5116396,8691463
5116396,9450381
5116396,9832576
5099407,83791
5121187,83791
5134654,83791
5145885,2026123
5116396,2337662
5116396,3803575
5145885,4966088
5094785,8320
5094785,72477
5094785,258293
5094785,933914
5094785,1019351
5094785,1198725
5094785,3322165
5094785,3526258
5094785,5790101
5094785,6370087
5094785,7427404
5094785,7681586
5094785,8087142
5094785,10775219
5097878,257437
5097878,5521243
5115623,473103
5115623,1984727
5115623,2912889
5291960,94363
5164211,2337662
5311161,2337662
5291085,3629732
5259640,4589426
5389659,4966088
5420417,94363
5461638,94363
5467552,83791
5424571,2337662
5452479,2337662
5401247,3710839
5406387,4966088
5434738,4966088
5454068,1863625
5454068,5338584
5459652,3613
5459652,4541
5459652,27897
5459652,71153
5459652,119955
5459652,121087
5459652,276934
5459652,371811
5459652,616741
5459652,735377
5459652,1656876
5459652,1862873
5459652,2354500
5459652,2404437
5459652,2635228
5459652,2728258
5459652,2811858
5459652,2890436
5459652,2961254
5459652,3967866
5459652,4341321
5459652,4432603
5459652,5805052
5459652,6129587
5459652,6135091
5459652,31374637
5476620,94363
5540973,234670
5479663,1451598
5476490,83791
5482986,83791
5489264,83791
5497214,83791
5528110,175863
5540973,1425554
5472107,1690940
5521243,1831279
5481190,2121380
5521243,2337662
5540973,2337662
5528464,2711273
5482805,3034912
5521243,3400072
5507898,4966088
5540973,4966088
5521243,5097878
5545516,184154
5586420,83791
5546498,2120879
5565478,2120879
5585414,6038
5585414,22947
5585414,87678
5585414,90761
5585414,121087
5585414,2374758
5661794,94363
5622270,234670
5661794,234670
5661794,1302430
5661794,4248300
5661794,175863
5661794,494267
5661794,494268
5603335,2337662
5661794,2337662
5603335,3034912
5664746,3426431
5661794,4966088
5603335,6321
5603335,1897914
5603335,2337662
5603335,2811858
5603335,3034912
5603335,4443509
5603335,5923910
5603335,10344187
5603335,10494834
5664804,796
5664804,371621
5664804,2476483
5664804,3322165
5664804,7074590
5603335,5923910
5726456,131550
5690011,94363
5693060,94363
5683199,564450
5736226,2337662
5688527,3034912
5690404,3426431
5702892,72477
5702892,665521
5702892,2818557
5702892,5075098
5702892,5425017
5702892,5702894
5702892,5702895
5702892,5702896
5702892,5782648
5702892,6219627
5702892,6736451
5702892,7979843
5702892,8233887
5702892,10349238
5702892,10838833
5702892,13313172
5702892,31100964
5702892,31570805
5702892,32094156
5702894,5702892
5702895,5702892
5702896,5702892
5705010,2961254
5722461,2112357
5722461,2961254
5736226,1897914
5736226,2337662
5736226,2811858
5736226,5982225
5744279,234670
5757487,234670
5766583,1302430
5768910,1451598
5751693,83791
5747821,2337662
5764707,4773532
5782648,5702892
5782325,18189
5782325,409602
5782325,576470
5782325,3102864
5782325,3332875
5797483,94363
5819498,94363
5830788,234670
5846345,1451598
5860732,1717563
5864101,3400072
5816231,3426431
5923808,94363
5936375,94363
5896728,234670
5914830,1451598
5930248,5116396
5937608,83791
5930248,1425554
5930636,2026123
5930248,2337662
5890781,3034912
5930248,4966088
5923910,464861
5923910,3653026
5956845,131550
5956845,94363
5956845,83791
5956845,1451598
5956845,829426
5956845,652656
5956845,1369349
5956845,1425554
5956845,1654867
5956845,1690940
5956845,1717563
5956845,1952330
5956845,1993528
5956845,2026123
5956845,2120879
5956845,2121380
5956845,2337662
5956845,4248300
5956845,5116396
5956845,3400072
5956845,3626872
5956845,3803575
5956845,4541056
5956845,4549342
5956845,4628993
5956845,4666200
5956845,4966088
5956845,4985099
5956845,5459652
5956845,5705010
5962503,131550
5958342,94363
5960675,94363
5965947,94363
5978673,234670
5978956,169418
5981704,169418
5982225,2337662
5997449,2337662
5982862,3032976
5982225,3803575
5986203,4966088
5994137,4966088
6089016,94363
6071586,234670
6075801,234670
6091707,234670
6035609,2121380
6091672,3034912
6108002,131550
6110078,94363
6110946,1302430
6132779,83791
6132858,83791
6129587,4966088
6139697,94363
6148180,94363
6156821,94363
6173930,94363
6142596,234670
6146720,234670
6156821,4248300
6149295,83791
6173930,83791
6151185,829426
6173930,32161
6173930,169418
6143336,2337662
6151824,2337662
6149295,4589426
6151824,4966088
6154843,4966088
6135091,5459652
6173930,1451598
6173930,829426
6173930,1717563
6173930,1862783
6173930,2228965
6173930,2337662
6173930,3400072
6173930,3626872
6173930,3882770
6173930,4966088
6173930,5664804
6188332,94363
6193723,94363
6181843,234670
6181843,1451598
6182086,1451598
6178222,367109
6188332,1425554
6179126,2337662
6181887,2337662
6175620,4966088
6202962,234670
6199467,83791
6220045,83791
6230419,83791
6226719,564450
6200235,2337662
6213450,2337662
6199184,4773532
6253640,234670
6259581,83791
6236264,2121380
6253640,2337662
6237990,2630812
6245113,3034912
6253196,3034912
6268895,94363
6279171,94363
6295214,94363
6268895,234670
6268895,1451598
6265592,83791
6279734,83791
6268895,2337662
6268033,5115623
6295826,184154
6295826,131550
6295826,83791
6295826,829426
6295826,134664
6295826,652656
6295826,1425554
6295826,1654867
6295826,1690940
6295826,1717563
6295826,2026123
6295826,2120879
6295826,3626872
6295826,3803575
6295826,4541056
6323375,184154
6303760,94363
6314060,1451598
6311024,83791
6320791,83791
6323375,134664
6314296,2121380
6314296,5782325
6323375,4248300
6323375,829426
6323375,1654867
6323375,2120879
6323375,3400072
6323375,3805966
6323375,4298283
6323375,4985099
6331250,94363
6358181,83791
6350039,4666200
6337564,5782325
6367098,94363
6365159,4248300
6401061,83791
6401061,829426
6401061,1016956
6401061,1016956
6401061,1382471
6418693,1717563
6381595,1729613
6360087,2120879
6368606,2121380
6406697,2337662
6399244,2630812
6401061,3400072
6370087,4666200
6370087,5094785
6426685,131550
6425901,94363
6435582,2337662
6426670,4966088
6503672,131550
6491861,94363
6482648,234670
6500062,234670
6502499,83791
6486049,2337662
6520864,234670
6524197,234670
6516175,83791
6523056,83791
6522950,1729613
6521631,2337662
6516820,3803575
6554226,234670
6559159,234670
6548044,1451598
6543680,83791
6567032,83791
6586803,184154
6593359,94363
6596778,234670
6580581,83791
6591279,83791
6592108,83791
6592600,83791
6592108,829426
6634998,131550
6625340,94363
6613175,234670
6644855,234670
6613871,1451598
6646317,2120879
6634094,3733902
6643301,4966088
6667965,94363
6680081,94363
6660775,234670
6670196,234670
6678217,1302430
6682482,1451598
6685198,1451598
6666637,1862783
6724962,94363
6714840,83791
6711127,2337662
6724240,2337662
6729853,2337662
6729853,3034912
6725002,3426431
6711127,3803575
6729853,3803575
6724240,4966088
6729853,4966088
6729853,5603335
6736451,5702892
6729853,5923910
6755135,1451598
6746283,83791
6763030,2121380
6780224,2337662
6786050,94363
6812349,94363
6789586,1451598
6808824,1451598
6799546,83791
6796799,1425554
6799546,1425554
6789586,2337662
6796850,2337662
6809423,2337662
6789326,3629732
6789326,4773532
6832362,1451598
6861271,1637156
6834193,2337662
6834193,4966088
6891867,131550
6892708,94363
6866466,234670
6879302,234670
6884417,234670
6886932,234670
6892204,1451598
6894783,1451598
6905286,1451598
6866951,5116396
6869482,83791
6880911,83791
6916580,234670
6919552,234670
6916580,829426
6919552,2121380
6945796,3032976
6946298,3032976
6955561,94363
6956460,94363
6990578,234670
6955561,4248300
6990731,83791
6966549,2337662
6972402,4666200
6983685,5585414
7010464,131550
6999537,94363
7009149,94363
7009507,94363
7010464,366549
7002151,2337662
7005405,4966088
7036804,2337662
7036819,2337662
7010921,4966088
7055807,94363
7061055,234670
7065088,234670
7055078,1451598
7038962,83791
7038962,829426
7039744,2630812
7041137,3062719
7110515,94363
7082898,1425554
7125874,94363
7132329,94363
7132329,4248300
7148959,94363
7162695,1451598
7164127,32161
7158230,583987
7164127,1425554
7163049,2337662
7186362,3032976
7212114,234670
7204460,83791
7220734,83791
7231447,1369349
7216574,2337662
7219025,4773532
7257458,131550
7239165,94363
7264243,94363
7276333,83791
7257458,2337662
7275605,2337662
7300457,131550
7300829,131550
7321563,131550
7300377,94363
7324785,94363
7309051,234670
7288861,1451598
7308646,2337662
7296789,3426431
7330657,94363
7378773,94363
7380764,94363
7326542,234670
7357600,234670
7361623,234670
7372409,1369349
7352821,1637156
7326542,2337662
7326542,3034912
7354297,3629732
7372409,3629732
7377372,3629732
7361623,4666200
7374632,4666200
7326542,4966088
7419217,131550
7404183,94363
7399576,234670
7404183,1451598
7434505,83791
7426966,2026123
7382237,4628993
7419217,4966088
7449192,131550
7482738,94363
7445337,234670
7454784,234670
7472965,1451598
7478828,829426
7461772,1425554
7476009,1425554
7461772,2337662
7476009,2337662
7476009,3034912
7476009,4966088
7497752,131550
7517922,131550
7501108,234670
7494697,1451598
7491357,83791
7506682,83791
7528861,83791
7490715,3629732
7522860,3710839
7490219,4966088
7532945,131550
7557120,94363
7569803,83791
7532945,366549
7562831,3426431
7562831,4628993
7561682,4966088
7586995,131550
7583333,94363
7579082,83791
7587391,83791
7579082,168661
7579082,829426
7579082,1016956
7574967,664457
7579082,1016956
7574967,1958789
7572140,3803575
7574967,4589426
7644099,184154
7647039,234670
7647039,1451598
7631565,83791
7631565,1016956
7631565,1016956
7631565,1958789
7635354,2337662
7688540,94363
7681414,234670
7696726,234670
7681332,1451598
7694838,1369349
7672331,2337662
7694838,3629732
7681586,4010926
7681586,5094785
7707855,1451598
7707855,83791
7707855,829426
7707855,32161
7707855,169418
7707855,494268
7707855,1369349
7707855,1717563
7707855,1831279
7707855,1862783
7707855,2228965
7707855,2337662
7707855,2630812
7707855,3034912
7707855,3400072
7707855,3626872
7707855,3805966
7707855,3882770
7707855,4298283
7707855,4966088
7707855,4985099
7707855,5459652
7721648,234670
7731875,234670
7734009,1451598
7716441,83791
7714777,1717563
7723741,2337662
7723741,4966088
7784712,94363
7784611,234670
7784611,1451598
7785968,5116396
7775745,83791
7754906,2337662
7768741,2337662
7785968,2337662
7766235,4966088
7831356,94363
7792825,83791
7812617,211630
7831356,1369349
7811082,2337662
7811082,3803575
7790383,4966088
7860630,94363
7861909,94363
7857091,1451598
7847670,2337662
7847670,3034912
7847343,4296145
7887452,131550
7899145,94363
7902524,94363
7897249,1451598
7899145,1451598
7916396,83791
7919250,83791
7925512,83791
7894341,829426
7916755,829426
7893826,2337662
7932191,2337662
7906185,2920564
7887452,3034912
7902702,3155269
7902702,4628993
7902702,4666200
7897886,4966088
7917854,5094785
7902702,5923910
7964376,131550
7932745,94363
7957749,94363
7960934,94363
7954611,234670
7972288,1451598
7966505,83791
7937876,829426
7964376,366549
7964376,1862783
7941633,3400072
7993379,94363
7976732,234670
8005542,1654867
7993806,1729613
7980305,2026123
7974856,2121380
7974857,2121380
8006952,2121380
7973840,2223756
8006165,2337662
8009396,2337662
7999762,3034912
8009396,3034912
8006165,3803575
8031035,94363
8054557,94363
8071892,234670
8066871,1451598
8073232,1451598
8040825,83791
8068980,83791
8050040,2337662
8052680,2337662
8044701,3887553
8091736,94363
8125369,94363
8128377,234670
8128377,1451598
8128377,83791
8080735,211630
8077459,2337662
8079028,2337662
8128377,2337662
8107299,3426431
8077459,4966088
8087142,5094785
8187297,131550
8160926,94363
8184873,1717563
8170137,3629732
8199214,94363
8211956,234670
8246327,234670
8199214,1451598
8250828,83791
8219378,2337662
8231155,2337662
8231155,4966088
8233887,5702892
8312965,131550
8270201,94363
8278286,234670
8279499,1451598
8258979,2337662
8289580,2337662
8281287,3629732
8309508,3639523
8304225,3803575
8297096,4966088
8318414,131550
8337755,94363
8346059,94363
8366605,94363
8325151,234670
8337755,1451598
8346059,1451598
8352117,1451598
8355153,1451598
8343370,4248300
8354842,134664
8346059,2337662
8402204,131550
8381092,234670
8402204,234670
8402804,234670
8417308,234670
8402204,1451598
8402204,4248300
8394274,83791
8405819,2337662
8402204,2365075
8402204,4966088
8404617,4966088
8480806,131550
8440685,94363
8454408,83791
8456355,169418
8535195,131550
8513208,94363
8541010,94363
8515678,234670
8525785,234670
8539611,5116396
8507286,83791
8521184,83791
8522497,83791
8530189,829426
8515678,2121380
8520957,2337662
8494464,3887553
8566280,234670
8591038,83791
8614094,3034912
8644316,94363
8648869,94363
8674969,94363
8681504,83791
8631494,1958789
8631315,2121380
8697118,94363
8714708,94363
8715176,94363
8691463,1302430
8699304,1451598
8691463,83791
8735083,94363
8739667,94363
8744077,94363
8756429,94363
8757353,94363
8767186,94363
8769645,94363
8757353,4248300
8735328,83791
8763387,2337662
8822580,234670
8794427,1451598
8794427,5116396
8773586,83791
8803471,3032976
8815439,3032976
8814405,4628993
8794427,4966088
8796084,4966088
8885905,94363
8913866,1451598
8839210,83791
8910011,83791
8933103,2121380
8902969,3034912
9050000,94363
9053892,94363
8974378,83791
9035114,83791
9050998,83791
9029440,2337662
9104069,94363
9066715,234670
9083913,234670
9089755,83791
9112957,1729613
9062539,4628993
9062539,4666200
9116664,4966088
9195630,94363
9194878,83791
9163232,829426
9129982,2121380
9190203,2337662
9194878,2337662
9194878,3034912
9197002,3400072
9194878,4966088
9211479,1451598
9216456,564450
9211479,2337662
9211857,2337662
9225731,3034912
9225993,4985099
9313069,94363
9311201,234670
9313069,1451598
9300448,83791
9314669,83791
9280111,2337662
9313035,2337662
9313035,3426431
9317999,94363
9332490,234670
9365004,234670
9332490,83791
9331644,133818
9365004,2337662
9365004,3803575
9394863,94363
9404584,94363
9413031,83791
9403701,1654867
9416410,1729613
9380671,2337662
9410722,4966088
9497387,94363
9434425,234670
9478732,234670
9450381,5116396
9484987,1425554
9450381,2337662
9449185,4966088
9494686,4966088
9538482,131550
9519304,94363
9550262,94363
9559221,94363
9518684,234670
9521637,1451598
9538482,83791
9556435,829426
9548128,2121380
9528525,2337662
9538482,2337662
9572924,83791
9572454,2337662
9610082,2337662
9641546,131550
9652543,131550
9644763,94363
9672551,234670
9629964,1302430
9652543,366549
9652543,2337662
9661984,3426431
9703931,94363
9711253,94363
9692570,234670
9757974,1451598
9713421,5116396
9719302,2026123
9713421,2337662
9723068,2337662
9725788,2337662
9713421,4966088
9753720,5094785
9783890,131550
10002895,131550
9890882,94363
10001911,234670
10002895,234670
9873591,1451598
10002895,1451598
10002895,83791
10002895,829426
9818876,2337662
10002895,2337662
10003090,3034912
10003464,131550
10006746,131550
10003393,94363
10004445,94363
10003596,1451598
10003697,83791
10005109,83791
10003464,2337662
10008471,2337662
10007205,5094785
10014253,94363
10018161,94363
10011379,234670
10017257,234670
10022062,234670
10025969,234670
10018052,1451598
10019144,1451598
10011379,2337662
10019144,2337662
10021928,4966088
10032560,94363
10032561,94363
10054887,234670
10037330,5116396
10031158,83791
10031160,83791
10036436,168661
10071744,94363
10101635,3032976
10108584,4966088
10157112,131550
10131364,94363
10159242,94363
10155693,5116396
10157112,175863
10145221,2337662
10155689,2337662
10155690,2337662
10155691,2337662
10155692,2337662
10155693,2337662
10155689,3034912
10155692,3034912
10155689,3803575
10155692,3803575
10125272,4296145
10155689,4966088
10142897,5094785
10166967,94363
10197189,94363
10197189,234670
10165149,1451598
10200047,1451598
10164925,83791
10173015,2337662
10200047,2337662
10173015,3034912
10201892,3636380
10180864,3639523
10166889,4966088
10255214,234670
10247160,1451598
10241425,83791
10227416,2337662
10255059,2337662
10232524,3887553
10236771,4541056
10228951,4666200
10228952,4666200
10281050,5116396
10297367,83791
10315268,83791
10281050,1425554
10281050,2337662
10302920,2337662
10313846,2337662
10309595,2572921
10281050,4966088
10346997,94363
10372049,1451598
10349238,5702892
10425231,94363
10428329,94363
10391439,1451598
10405608,1637156
10391808,2337662
10391808,3034912
10391808,3803575
10419762,3882770
10401921,4966088
10428329,1451598
10428329,1344265
10428329,1369349
10428329,1717563
10428329,2337662
10428329,3034912
10428329,3400072
10428329,3803575
10429619,3034912
10428329,4541056
10428329,4628993
10430274,4966088
10428329,4985099
10428329,5705010
10489133,1451598
10452169,83791
10462283,2337662
10463925,4966088
10533018,94363
10547023,94363
10544774,1302430
10562066,83791
10501202,829426
10513179,829426
10529489,2026123
10515593,3034912
10625499,94363
10605075,2337662
10617637,2337662
10637451,3032976
10603925,4628993
10683051,94363
10667389,1425554
10667389,2337662
10663752,4666200
10667389,4966088
10732192,94363
10743756,94363
10712470,234670
10703185,829426
10778461,234670
10825661,236241
10792000,2337662
10814654,2337662
10797151,4549342
10775219,5094785
10832535,234670
10842922,234670
10825661,829426
10852961,664457
10827944,1425554
10839615,2121380
10825661,3034912
10825661,4298283
10838833,5702892
10881705,131550
10894838,131550
10866469,94363
10891023,1451598
10901506,83791
10866150,2337662
10964809,94363
10966314,1425554
10965927,2121380
10983469,94363
10988011,94363
10991747,94363
11007129,94363
11018783,94363
11007129,83791
11014563,1425554
11014563,2337662
11007513,2630812
11014563,4966088
11036278,94363
11074014,94363
11039397,83791
11039397,829426
11039397,1016956
11039397,1016956
11095362,131550
11110789,131550
11122745,94363
11135554,1451598
11135554,1717563
11135554,2121380
11092545,2337662
11108671,4966088
11135554,5459652
11185153,234670
11150088,83791
11195296,133818
11195268,2337662
11195268,3803575
11146717,4773532
11195268,4966088
11216702,234670
11218653,2337662
11218653,3034912
11249412,4966088
11295666,94363
11333753,94363
11309649,234670
11312930,234670
11355770,234670
11333753,4248300
11316823,83791
11363522,83791
11327293,2337662
11327293,4966088
11411448,1451598
11416026,4966088
11436674,94363
11435523,83791
11435524,83791
11430064,1425554
11419125,2121380
11440721,5116396
11443025,83791
11452889,2026123
11448208,2337662
11549150,234670
11554044,829426
11512548,1425554
11528099,2337662
11502798,4666200
11626268,94363
11591787,234670
11591729,5116396
11603469,1425554
11591729,2337662
11593339,3032976
11600496,3034912
11627864,94363
11647641,234670
11699241,234670
11685039,829426
11636496,1637156
11628915,4966088
11723651,94363
11729138,1451598
11757353,1451598
11755925,83791
11751492,829426
11757353,2337662
11776058,234670
11781815,234670
11782350,234670
11782951,1451598
11790493,2121380
11786212,2337662
11827728,4966088
11790817,4985099
11846344,234670
11890049,234670
11846344,1451598
11841956,564450
11854987,1369349
11841956,2396614
11879040,2630812
11890049,2121380
11890049,3034912
11890049,3626872
11890049,3803575
11890049,4985099
11895604,234670
11912297,234670
11926490,234670
11924777,2337662
12021033,94363
11972417,829426
11978185,3034912
12093971,94363
12117717,94363
12065581,234670
12110803,1451598
12077849,83791
12083001,83791
12110417,2337662
12045423,4966088
12058287,4966088
12141567,94363
12132951,234670
12138538,234670
12157580,83791
12172724,83791
12190052,83791
12183029,1425554
12125001,1799150
12172724,2337662
12183029,2337662
12173248,4628993
12149820,4773532
12172724,4966088
12183029,4966088
12190052,4966088
12229979,94363
12247980,234670
12298642,234670
12283513,1302430
12225780,1451598
12229979,4248300
12246584,83791
12222229,1369349
12237217,2337662
12218355,4966088
12370267,234670
12345038,2337662
12302039,4966088
12394624,94363
12413727,234670
12413727,1451598
12409137,2630812
12448901,4628993
12441329,5722461
12511908,94363
12639391,94363
12486063,234670
12560548,1451598
12535143,2121380
12559881,2337662
12510892,3032976
12651504,94363
12702940,1451598
12702940,2228965
12681176,2337662
12681176,3034912
12832821,94363
12892222,94363
13105761,94363
12960710,234670
12811054,2337662
13199517,2337662
13164871,3034912
13126192,4985099
13232496,94363
13228549,83791
13242449,2337662
13290946,2337662
13226558,3882770
13313172,5702892
13330706,94363
13330706,83791
13329384,4966088
13330706,131550
13330706,829426
13330706,652656
13330706,1451598
13330706,1369349
13330706,1425554
13330706,1654867
13330706,1690940
13330706,1717563
13330706,1952330
13330706,1993528
13330706,2026123
13330706,2120879
13330706,2121380
13330706,2337662
13330706,4248300
13330706,3400072
13330706,3626872
13330706,3803575
13330706,4541056
13330706,4549342
13330706,4628993
13330706,4666200
13330706,4966088
13330706,4985099
13330706,5116396
13330706,5459652
13330706,5705010
13354785,94363
13379931,2337662
13377296,2572921
13546204,131550
13656955,94363
13491236,83791
13546204,366549
13546204,2337662
13668115,234670
13685292,234670
13664989,169418
13699491,2223756
13703423,4966088
14885334,94363
14050328,83791
14262745,83791
14767667,2026123
14739577,3882770
14050328,4966088
17043379,94363
17955815,1425554
16651926,2337662
15878812,4773532
18868763,184154
18868763,4248300
18868763,829426
18868763,134664
18868763,1654867
18868763,2120879
18868763,3805966
18868763,4298283
18868763,4985099
19790496,1425554
22168247,2121380
22168247,2396614
22168247,3034912
22207203,2572921
22168247,4298283
24011361,94363
24418260,234670
23286506,5116396
22801354,2337662
22801354,4628993
22955268,4966088
24634550,94363
26182802,234670
26969892,234670
24970685,83791
25454915,1425554
24575741,2337662
25531661,2337662
28137942,94363
28515098,1451598
28354331,83791
30368840,234670
30100636,83791
30353720,83791
30389263,83791
30413118,564450
30413118,1637156
30413118,1654867
30413118,1831279
30413118,2228965
30413118,2711273
30413118,3605766
30413118,3626872
30468971,234670
30453453,83791
30446073,3032976
30414821,4298283
30414821,4666200
30447495,4966088
30414821,5782325
30588581,131550
30485430,2337662
30512191,3034912
30661397,94363
30677572,1451598
30677572,1425554
30677572,2121380
30677572,2396614
30677504,3034912
30677572,3034912
30718130,1451598
30677572,3803575
30677572,4298283
30677572,4666200
30742273,4666200
30867426,3032976
30795408,4773532
30809501,4773532
30888056,2223756
30888056,2396614
30890486,4298283
30912664,94363
31037244,94363
30940088,83791
30940088,829426
31046793,3032976
30988651,4966088
31202768,94363
31204478,94363
31204558,94363
31166340,234670
31057613,5116396
31187495,5116396
31195374,829426
31057613,2337662
31187495,2337662
31070778,3032976
31187495,3034912
31057613,4666200
31211284,94363
31293639,94363
31374637,1302430
31374637,83791
31209927,829426
31374637,664457
31374637,4589426
31374637,5459652
31534997,184154
31534997,134664
31534997,2120879
31479039,2121380
31397442,3032976
31534997,4248300
31566124,83791
31565802,120062
31565802,169418
31565802,175863
31534997,4298283
31534997,4985099
31568886,32161
31568886,1425554
31657763,94363
31652441,83791
31609410,564450
31653565,2337662
31575773,4666200
31721077,234670
31721078,234670
31721079,234670
31821008,664457
31726202,1425554
31726202,2337662
31873970,2337662
31726202,3034912
31688557,3811335
31836461,3882770
31726202,4966088
31938273,1425554
31956735,1425554
31956736,1425554
32000484,2337662
32000485,2337662
32000485,3034912
31980488,3426431
32009504,4966088
32043784,5116396
32032187,3034912
32074614,4628993
32043784,4966088
32044727,5094785
32060714,5603335
32094156,5702892
