Id,Label,timeset
58,,
131550,,
218,,
83791,,
257433,,
169418,,
307,,
302,,
333,,
2337662,,
1412,,
1093,,
94363,,
1451598,,
2421,,
2888,,
234670,,
2699,,
2959,,
3334,,
3464,,
4541,,
5470,,
5096,,
7117,,
6431,,
7168,,
8125,,
7982,,
8295,,
8961,,
168661,,
9848,,
10567,,
10068,,
1637156,,
11036,,
12117,,
248515,,
12767,,
12931,,
3032976,,
14849,,
4248300,,
14829,,
4966088,,
15379,,
17212,,
18166,,
17759,,
829426,,
18130,,
4666200,,
19061,,
20345,,
20290,,
20680,,
21597,,
21979,,
20869,,
21375,,
22683,,
25747,,
23968,,
25461,,
366549,,
25816,,
26204,,
28699,,
28929,,
30771,,
30315,,
30063,,
30091,,
1382471,,
1862783,,
32161,,
184154,,
32057,,
32456,,
32822,,
32841,,
32824,,
1736,,
1954,,
5101,,
5105,,
7125,,
18521,,
19076,,
81423,,
123757,,
376498,,
387038,,
1251789,,
1425554,,
2489127,,
32820,,
211630,,
33966,,
36912,,
36605,,
37549,,
38698,,
37872,,
40510,,
40828,,
40909,,
38738,,
39124,,
41922,,
42860,,
43043,,
44782,,
48827,,
1302430,,
48372,,
48821,,
48889,,
3805966,,
50428,,
49923,,
49491,,
5094785,,
53289,,
52739,,
52741,,
55551,,
583987,,
59848,,
60814,,
60036,,
63206,,
63276,,
175863,,
63788,,
64404,,
64457,,
64852,,
3426431,,
66619,,
148163,,
68825,,
68750,,
69024,,
74746,,
1369349,,
79270,,
78207,,
79240,,
81116,,
80753,,
80662,,
81713,,
3803575,,
83715,,
81997,,
83456,,
3808,,
5094,,
9577,,
13511,,
25447,,
27721,,
66996,,
91405,,
94081,,
94555,,
109081,,
160243,,
191381,,
403109,,
850522,,
1003352,,
1016956,,
1414377,,
1421340,,
1773898,,
1839036,,
1847729,,
2234274,,
2256285,,
2328842,,
2753585,,
3822486,,
7276333,,
7916396,,
494267,,
494268,,
85282,,
86833,,
87001,,
89420,,
89616,,
92230,,
92229,,
92436,,
92228,,
89643,,
91835,,
90028,,
1717563,,
92232,,
95914,,
3678,,
6588,,
6931,,
15376,,
16337,,
19317,,
21558,,
21575,,
25369,,
43255,,
53055,,
55270,,
64217,,
79743,,
79778,,
85663,,
92106,,
92527,,
98227,,
99027,,
101568,,
103217,,
107885,,
113215,,
122829,,
123481,,
128906,,
130616,,
134456,,
135171,,
136029,,
148705,,
155403,,
159255,,
166985,,
170414,,
191454,,
191455,,
201214,,
201437,,
206620,,
221951,,
227377,,
227378,,
247844,,
248226,,
249097,,
255173,,
255176,,
259465,,
262239,,
265316,,
289543,,
300509,,
304384,,
309717,,
311073,,
347647,,
375534,,
384763,,
489545,,
547352,,
585193,,
621143,,
643400,,
651610,,
657869,,
708034,,
715188,,
799553,,
806105,,
853619,,
928294,,
1089544,,
1185991,,
1296672,,
1408457,,
1446384,,
1458107,,
1556959,,
1668293,,
1689455,,
1753595,,
1844738,,
1883777,,
1974613,,
2029326,,
2062575,,
2124695,,
2125716,,
2390265,,
2413321,,
2455552,,
2553267,,
2604200,,
2761224,,
2809715,,
2845853,,
2899875,,
3145244,,
3154622,,
3276861,,
3370260,,
3495788,,
3579224,,
3676213,,
4081097,,
4665810,,
4711323,,
4725479,,
4880649,,
5661605,,
5690011,,
5819498,,
5960675,,
6156821,,
6812349,,
6956460,,
7125874,,
7688540,,
7754602,,
7902524,,
8674969,,
8715176,,
9550262,,
10032560,,
10983469,,
11333753,,
11626268,,
17043379,,
31293639,,
95044,,
95823,,
94118,,
1831279,,
96833,,
97711,,
97399,,
98668,,
98671,,
97791,,
100942,,
99595,,
100105,,
99848,,
103693,,
102663,,
107066,,
107068,,
107966,,
107586,,
1234704,,
109083,,
108750,,
108752,,
109752,,
110240,,
110771,,
110878,,
108735,,
108748,,
109577,,
110216,,
110236,,
3062719,,
110765,,
3629732,,
112590,,
117200,,
116589,,
122061,,
121305,,
120799,,
120062,,
1570,,
9236,,
73963,,
2222318,,
120744,,
2228965,,
123780,,
123147,,
123126,,
124544,,
130496,,
376,,
22947,,
41780,,
44662,,
138380,,
143334,,
174215,,
183250,,
247463,,
248514,,
258292,,
258293,,
273200,,
273856,,
295507,,
343909,,
366550,,
366552,,
403903,,
407633,,
407847,,
561335,,
574765,,
580549,,
754257,,
794908,,
1190640,,
1406376,,
1677954,,
1745771,,
1836642,,
2024123,,
2583420,,
5144961,,
5962503,,
6426685,,
7010464,,
7517922,,
7645896,,
7964376,,
8312965,,
8402204,,
9641546,,
10157112,,
11095362,,
11110789,,
30450932,,
132177,,
130857,,
2121380,,
134258,,
134173,,
135739,,
135543,,
133818,,
756057,,
1644932,,
2290863,,
11195296,,
134664,,
5203,,
137134,,
142330,,
143926,,
146907,,
27538,,
156116,,
179647,,
179648,,
179649,,
377559,,
520635,,
2793942,,
148682,,
148948,,
155138,,
155475,,
155513,,
155510,,
155140,,
155437,,
155498,,
153182,,
157243,,
564450,,
160336,,
161506,,
163663,,
165038,,
166009,,
167577,,
18460,,
21345,,
92571,,
124467,,
257437,,
408396,,
1927487,,
6038,,
6321,,
8612,,
9452,,
10005,,
13256,,
15341,,
20352,,
23149,,
26158,,
26422,,
28309,,
30877,,
30937,,
35087,,
44646,,
44896,,
60812,,
62077,,
64012,,
94590,,
123941,,
166971,,
248506,,
309807,,
316793,,
327597,,
397981,,
511477,,
769276,,
2398955,,
6992417,,
31314000,,
171478,,
170934,,
173641,,
173821,,
173970,,
176060,,
175590,,
214209,,
331054,,
905238,,
1577040,,
3044668,,
5528110,,
179988,,
179989,,
180006,,
182509,,
4594,,
23255,,
37604,,
45461,,
78088,,
102979,,
142552,,
431515,,
615306,,
705500,,
885507,,
1000473,,
1079777,,
1371144,,
1880689,,
184989,,
185034,,
186077,,
191181,,
190727,,
188120,,
197782,,
198533,,
197966,,
200475,,
198849,,
201929,,
205479,,
206154,,
207041,,
206801,,
208598,,
1952330,,
2572921,,
209312,,
209955,,
213416,,
214073,,
5308,,
11961,,
124620,,
229834,,
332799,,
421567,,
479259,,
985356,,
1535371,,
2544649,,
3517403,,
221809,,
218398,,
228973,,
231313,,
230730,,
8823,,
99563,,
249332,,
249335,,
249336,,
258674,,
837958,,
2062759,,
2726603,,
2851730,,
6091707,,
234613,,
234688,,
236241,,
1903,,
15700,,
132884,,
167573,,
2818557,,
242259,,
246844,,
251627,,
249320,,
1934,,
3383,,
5823,,
12930,,
15462,,
28538,,
30887,,
33325,,
43216,,
80412,,
91225,,
97076,,
134464,,
134594,,
137069,,
152052,,
154562,,
186598,,
188965,,
234573,,
240746,,
248567,,
262417,,
273908,,
290634,,
337824,,
385023,,
476693,,
560019,,
578570,,
593002,,
681829,,
727107,,
812602,,
1206681,,
1217757,,
1318052,,
1509343,,
1849191,,
1943346,,
2225120,,
2309613,,
2365075,,
2802729,,
3504570,,
4282726,,
249342,,
251071,,
252106,,
250028,,
250030,,
251546,,
250971,,
248529,,
4549342,,
252636,,
252654,,
252643,,
252642,,
257427,,
257428,,
257429,,
257430,,
257438,,
2630812,,
258295,,
258296,,
263480,,
258671,,
258672,,
258673,,
258682,,
258686,,
259551,,
258294,,
1262777,,
267153,,
273942,,
274595,,
271254,,
276435,,
278292,,
278424,,
291830,,
286837,,
289845,,
292165,,
298246,,
296743,,
298252,,
319323,,
313677,,
324572,,
323033,,
323549,,
337365,,
330604,,
358957,,
359640,,
2120879,,
356985,,
367234,,
385041,,
407831,,
2195398,,
3102589,,
3548904,,
3548905,,
3772862,,
3777931,,
3850131,,
367109,,
6178222,,
371621,,
5664804,,
379464,,
376041,,
373381,,
381296,,
380686,,
395703,,
397275,,
402783,,
404017,,
403091,,
402499,,
4719105,,
407636,,
407839,,
429514,,
426303,,
431807,,
435450,,
438586,,
448599,,
464198,,
1799150,,
476770,,
504493,,
506595,,
506516,,
490915,,
3378480,,
494269,,
494270,,
204033,,
616741,,
514850,,
557811,,
561037,,
561188,,
575886,,
576423,,
80395,,
1654867,,
576470,,
3034912,,
588540,,
2018639,,
3322165,,
4008856,,
7158230,,
603371,,
616048,,
619381,,
610861,,
617138,,
611454,,
635352,,
638259,,
638783,,
648317,,
660144,,
671763,,
674747,,
677841,,
664457,,
97351,,
1431774,,
1654395,,
2892142,,
4341321,,
4589426,,
7574967,,
681981,,
705823,,
695725,,
696900,,
713562,,
719586,,
714569,,
718292,,
724404,,
727523,,
728084,,
720211,,
720588,,
1973065,,
731740,,
756188,,
763743,,
755680,,
762008,,
762260,,
764362,,
958342,,
1222973,,
1712306,,
2020516,,
2789277,,
3152897,,
3154731,,
3447196,,
7309828,,
3072101,,
761400,,
782599,,
782686,,
780093,,
805778,,
811652,,
809255,,
814748,,
821637,,
812584,,
827248,,
811852,,
812269,,
842585,,
829237,,
842795,,
840702,,
216,,
9944,,
20790,,
26466,,
27389,,
28129,,
28908,,
41285,,
54905,,
55925,,
63299,,
73549,,
82395,,
88337,,
97906,,
102779,,
112187,,
116834,,
120399,,
120928,,
123507,,
133178,,
155463,,
159132,,
165660,,
205439,,
206044,,
208704,,
248525,,
256089,,
257435,,
257436,,
274140,,
289233,,
289441,,
403105,,
403974,,
438930,,
510191,,
538326,,
563884,,
584589,,
639338,,
697990,,
704573,,
719529,,
790485,,
882623,,
887649,,
1088785,,
1122815,,
1140025,,
1403394,,
1414374,,
1419848,,
1424267,,
1494563,,
1818971,,
1888881,,
2001036,,
2037564,,
2058302,,
2079320,,
2128921,,
2179739,,
2229468,,
2512248,,
2656134,,
2762543,,
2904823,,
2952777,,
3018474,,
3048804,,
3199899,,
3356691,,
3484120,,
3608199,,
3635469,,
3886944,,
4108549,,
4847310,,
6151185,,
6245398,,
6315769,,
6655705,,
6696848,,
6916580,,
7082898,,
7579082,,
7747065,,
7894341,,
7937876,,
8530189,,
8678582,,
8692462,,
8719745,,
9163232,,
9259388,,
9265753,,
10501202,,
10513179,,
11320013,,
11734531,,
11899222,,
11972417,,
12436518,,
13397084,,
30583386,,
31166228,,
31625885,,
834355,,
828171,,
847822,,
857313,,
857156,,
881658,,
901471,,
887170,,
931622,,
932550,,
933675,,
929524,,
933849,,
933231,,
3811335,,
933914,,
934253,,
939294,,
942730,,
945965,,
946528,,
947302,,
946688,,
966268,,
954928,,
962125,,
960092,,
1386919,,
971978,,
985726,,
976245,,
980225,,
991101,,
993254,,
987459,,
1017115,,
1012271,,
1025477,,
2085672,,
1032817,,
1958789,,
1078060,,
1081966,,
1066389,,
1084433,,
1061337,,
4773532,,
1090631,,
1092963,,
1094838,,
1115454,,
1096460,,
1125273,,
1135493,,
1117199,,
1118591,,
1131629,,
1136794,,
1152482,,
1147812,,
1160617,,
1170773,,
1165618,,
1168190,,
1168543,,
1167592,,
3400072,,
3626872,,
1179004,,
1192531,,
1196820,,
1184173,,
1186340,,
2223756,,
1195721,,
3887553,,
1230621,,
1237925,,
1507128,,
1254759,,
1261903,,
1284151,,
1268771,,
1281888,,
1267359,,
1296743,,
1304047,,
1296534,,
63883,,
157074,,
170619,,
257765,,
305275,,
899968,,
1406564,,
1659511,,
1717087,,
1920257,,
2252644,,
3320495,,
3451432,,
3607838,,
10105689,,
1293997,,
1291942,,
1286245,,
1299404,,
1326462,,
1315826,,
1318063,,
1354434,,
1343770,,
1344265,,
24452,,
39041,,
108028,,
190466,,
259680,,
665521,,
2221510,,
3102864,,
3513568,,
8188270,,
1360422,,
1360424,,
1360347,,
4541056,,
1380766,,
995,,
2099,,
2367,,
9883,,
10689,,
11582,,
13063,,
14765,,
44905,,
75324,,
97717,,
97819,,
108349,,
112064,,
112141,,
160317,,
271232,,
300174,,
372558,,
880803,,
1055024,,
1248323,,
1250886,,
1443849,,
1644128,,
2004747,,
2020826,,
2666187,,
2774524,,
6819168,,
143663,,
1246906,,
1979481,,
2007782,,
2293917,,
2466322,,
2647803,,
3576064,,
22126,,
49563,,
137388,,
144970,,
261868,,
384856,,
1072632,,
1893496,,
2016136,,
3096509,,
3105083,,
8020405,,
1394802,,
1396258,,
1393074,,
1397211,,
1394107,,
1390713,,
1391269,,
1403461,,
1404724,,
1420531,,
1411137,,
1403458,,
1445089,,
1426348,,
1427625,,
1433546,,
1436103,,
1444421,,
1445812,,
1481821,,
1890567,,
1895515,,
2085288,,
2085289,,
2184783,,
2185888,,
2391161,,
2731941,,
3258913,,
3766781,,
6796799,,
8592068,,
10281050,,
30850527,,
1447964,,
1451207,,
1453870,,
1454401,,
1456508,,
2427,,
2441,,
2532,,
3569,,
3871,,
4509,,
4786,,
6240,,
7326,,
9308,,
9888,,
11213,,
12979,,
13384,,
14533,,
16042,,
16110,,
18556,,
22152,,
22902,,
23042,,
23883,,
24858,,
27562,,
30074,,
34389,,
36166,,
36428,,
40392,,
40872,,
41591,,
43112,,
50522,,
53858,,
54855,,
55717,,
61544,,
64531,,
65448,,
65687,,
65769,,
69481,,
71800,,
72593,,
79000,,
81601,,
86608,,
97597,,
97870,,
113589,,
118811,,
123448,,
125411,,
132093,,
135450,,
149515,,
150408,,
161401,,
243445,,
251742,,
252658,,
372063,,
393519,,
453314,,
547562,,
601263,,
778867,,
915649,,
1156954,,
1165238,,
1181550,,
1224966,,
1349604,,
1441372,,
1454809,,
1503154,,
1577367,,
1681003,,
1694221,,
1716024,,
1727639,,
1729626,,
1844469,,
1959696,,
2374457,,
2513990,,
2572257,,
2576709,,
2897483,,
3170635,,
3250296,,
3580918,,
3706574,,
3924641,,
3930527,,
4591395,,
5455929,,
5941366,,
7404183,,
7947951,,
1452745,,
1454388,,
1463558,,
1464031,,
1465536,,
1485793,,
4985099,,
1493157,,
1494384,,
1502473,,
1495921,,
1528268,,
1530219,,
1527199,,
1571954,,
1568238,,
1591511,,
1594263,,
1592573,,
1576167,,
1576395,,
1580026,,
1580460,,
1586860,,
1590035,,
1614488,,
1597283,,
1601613,,
1631799,,
1634807,,
1640412,,
436115,,
2632851,,
2954136,,
7352821,,
1690940,,
2026123,,
3247942,,
1656877,,
8179,,
3108444,,
3733902,,
1681543,,
1669902,,
1689147,,
1689030,,
1704797,,
1711329,,
380696,,
2518166,,
3398759,,
5472107,,
1716352,,
1712474,,
1719624,,
1712800,,
83969,,
2691429,,
7582134,,
1729613,,
365269,,
667414,,
1639886,,
6381595,,
6385058,,
6462997,,
6522950,,
7993804,,
7993805,,
7993806,,
9112957,,
9416410,,
1747436,,
1741357,,
1747736,,
1758561,,
1752916,,
166342,,
378925,,
1759782,,
1775918,,
1767866,,
1779679,,
1806253,,
1791986,,
1806939,,
105770,,
12125001,,
1815322,,
1820727,,
1815272,,
1826435,,
1823605,,
1825447,,
1823654,,
1827182,,
1828310,,
1839134,,
1840344,,
1839088,,
1833558,,
1839982,,
1830877,,
1832677,,
122176,,
2572926,,
2639410,,
1835521,,
1840004,,
1844383,,
1844769,,
1855417,,
1843623,,
1844043,,
1845413,,
1849997,,
1873465,,
1878390,,
1863625,,
1879137,,
1858860,,
672,,
2169,,
43814,,
206087,,
522018,,
581858,,
1127241,,
1839443,,
1952293,,
2961254,,
2994820,,
5011623,,
6128002,,
6666637,,
1862325,,
1871226,,
1861491,,
1860578,,
5454068,,
1894529,,
1897673,,
1897914,,
5116396,,
1908503,,
1894227,,
1253345,,
1902424,,
1903141,,
5603335,,
1924857,,
1911090,,
1923012,,
1943162,,
1950936,,
1935157,,
1935151,,
1977803,,
1959317,,
3563034,,
3698616,,
3707847,,
1980410,,
1983299,,
1986557,,
1995121,,
1982275,,
1991170,,
1993528,,
9652,,
27507,,
39333,,
117426,,
206830,,
206831,,
908732,,
2094914,,
2000416,,
1984727,,
5115623,,
2008035,,
2010266,,
2014737,,
2005845,,
2018906,,
2015640,,
2005574,,
1981,,
3142,,
8984,,
119087,,
437876,,
637670,,
2016667,,
2574738,,
2635466,,
2707033,,
3830187,,
5145885,,
5930636,,
5984851,,
7426966,,
7980305,,
9719302,,
10529489,,
11554178,,
11680224,,
14767667,,
30964714,,
2032349,,
2061191,,
2052962,,
2056176,,
2054226,,
2051417,,
2057014,,
2070468,,
2062345,,
2083314,,
2062385,,
2073896,,
2084220,,
2081866,,
2086145,,
2088747,,
2091951,,
2098194,,
2091913,,
2098342,,
2116809,,
2125318,,
2109899,,
2968353,,
3067527,,
4629539,,
5565478,,
308319,,
351922,,
1716222,,
2519390,,
6919552,,
7626104,,
7974856,,
7974857,,
2125140,,
600719,,
1446708,,
2110507,,
2157776,,
2145629,,
2178478,,
2181130,,
2187004,,
2201934,,
2191883,,
2191889,,
2192730,,
68157,,
2184298,,
2209437,,
2213568,,
2213989,,
2234292,,
2224138,,
2228703,,
2238661,,
2231254,,
2237236,,
304057,,
7278000,,
2823,,
14597,,
17576,,
45722,,
54924,,
87678,,
100848,,
516896,,
982463,,
1082767,,
1258109,,
1267509,,
1786939,,
1822124,,
2353366,,
2630162,,
6072603,,
2254605,,
2244961,,
2274627,,
2273297,,
174349,,
1419998,,
2274621,,
2395568,,
2283600,,
2294790,,
2284619,,
2292793,,
2300120,,
2296551,,
2313223,,
2314247,,
2314705,,
2314767,,
2329992,,
2330462,,
2331074,,
2318841,,
2327331,,
2320404,,
2327528,,
2330645,,
2341432,,
2342852,,
144,,
5441,,
8339,,
12726,,
20317,,
23145,,
23234,,
25437,,
25442,,
34560,,
36846,,
64648,,
67764,,
71815,,
76137,,
88430,,
92754,,
101075,,
108347,,
131299,,
139966,,
155321,,
166498,,
192594,,
206182,,
213555,,
229902,,
267083,,
343290,,
391207,,
420750,,
545502,,
545782,,
630025,,
672764,,
711306,,
762723,,
804935,,
820149,,
834859,,
884686,,
1031121,,
1031810,,
1138505,,
1176380,,
1177197,,
1194670,,
1224844,,
1455646,,
1464593,,
1466052,,
1505554,,
1545926,,
1569134,,
1604453,,
1800116,,
1878294,,
1948770,,
2047288,,
2113575,,
2185887,,
2214851,,
2233386,,
2251641,,
2276268,,
2349035,,
2382387,,
2404437,,
2480835,,
2497072,,
2518807,,
2558777,,
2559336,,
2593052,,
2597511,,
2637600,,
2639087,,
2648435,,
2664875,,
2671492,,
2767005,,
2811858,,
2917676,,
2925106,,
2987543,,
2994104,,
3000926,,
3009718,,
3039311,,
3164465,,
3177028,,
3183899,,
3208096,,
3243381,,
3283939,,
3331695,,
3459951,,
3475384,,
3493823,,
3495416,,
3582239,,
3599579,,
3618999,,
3765597,,
3792185,,
3793446,,
3822911,,
3832537,,
3878252,,
3880131,,
3880220,,
3882908,,
3889899,,
3941138,,
3974734,,
4003801,,
4038167,,
4099126,,
4106986,,
4255988,,
4372860,,
4397935,,
4434062,,
4443509,,
4471206,,
4486127,,
4492713,,
4538442,,
4600971,,
4711348,,
4849450,,
4912428,,
4995579,,
5004358,,
5109833,,
5120681,,
5160152,,
5164211,,
5424571,,
5482523,,
5499259,,
5521243,,
5540973,,
5664644,,
5736226,,
5747821,,
5766952,,
5770275,,
5790101,,
5913426,,
5930248,,
5941136,,
5952862,,
5968229,,
5982225,,
5984881,,
6091672,,
6091680,,
6129587,,
6143336,,
6151824,,
6179126,,
6181887,,
6195954,,
6213450,,
6218676,,
6357836,,
6406697,,
6457060,,
6521631,,
6634094,,
6711127,,
6724240,,
6729853,,
6730336,,
6754025,,
6780224,,
6789586,,
6796850,,
6797005,,
6834193,,
6834523,,
6966549,,
7014330,,
7036804,,
7083897,,
7216574,,
7308646,,
7326542,,
7461772,,
7476009,,
7490868,,
7595070,,
7624871,,
7635354,,
7640399,,
7672331,,
7686702,,
7694251,,
7723741,,
7811082,,
7847670,,
7893826,,
8006165,,
8009396,,
8050040,,
8052680,,
8077459,,
8231155,,
8289580,,
8315964,,
8520957,,
8523107,,
8686184,,
8753986,,
8763387,,
8769184,,
9165298,,
9190279,,
9280111,,
9313035,,
9450381,,
9505890,,
9514815,,
9528525,,
9610082,,
9723068,,
9725788,,
9748185,,
9832576,,
10067843,,
10155688,,
10155689,,
10155690,,
10302920,,
10313846,,
10391808,,
10401921,,
10462283,,
10485118,,
10605075,,
10605266,,
10617637,,
10621344,,
10667389,,
10814654,,
10866150,,
10998113,,
11014563,,
11195268,,
11218653,,
11429336,,
11645301,,
12020234,,
12077080,,
12172724,,
12183029,,
12237217,,
12345038,,
12559881,,
13199517,,
13379931,,
24575741,,
25783043,,
25790870,,
30453453,,
30627111,,
31187495,,
31726202,,
31820733,,
2361068,,
2358990,,
2344982,,
2353669,,
1880,,
25991,,
35043,,
37417,,
68608,,
70351,,
125307,,
132275,,
134685,,
151511,,
206364,,
209940,,
254190,,
395565,,
410576,,
501593,,
723503,,
1006350,,
1237948,,
1470140,,
1493185,,
2265994,,
3334377,,
5068257,,
12008168,,
2364881,,
2367299,,
2368091,,
2385535,,
2377923,,
2383749,,
2380996,,
2386360,,
2389414,,
2392010,,
2388447,,
3639523,,
2395193,,
2407305,,
2409478,,
2395291,,
2396453,,
2592903,,
2396247,,
2396614,,
37811,,
507001,,
1299750,,
2396248,,
2591364,,
3628324,,
11841956,,
2397451,,
2417801,,
2439074,,
2440154,,
2422781,,
2420069,,
2422355,,
2439262,,
2428615,,
2432606,,
2461883,,
2467202,,
2458126,,
2450284,,
2458161,,
2451437,,
2483855,,
2477527,,
2478907,,
2490173,,
2509502,,
2500277,,
2514523,,
2514777,,
2517361,,
2521975,,
2522543,,
2524265,,
2520612,,
2521489,,
2528968,,
2551808,,
2546146,,
2555541,,
2556162,,
2556565,,
2543355,,
2548453,,
2572740,,
2573473,,
2568965,,
2565980,,
2570291,,
5709803,,
6087628,,
7131464,,
2577139,,
2586275,,
2580472,,
2580691,,
5923910,,
2594801,,
2596356,,
2635228,,
2629257,,
2636344,,
100937,,
3796670,,
3845997,,
3951697,,
4067092,,
4488709,,
6399244,,
8781651,,
11879040,,
12084664,,
3155269,,
4628993,,
4666202,,
2628646,,
5459652,,
2638528,,
2650007,,
2639433,,
2639081,,
2642920,,
2659270,,
2686590,,
2697015,,
2728324,,
2718829,,
2736730,,
2716011,,
2719750,,
2711273,,
3789,,
5260,,
27767,,
53183,,
79063,,
90928,,
97618,,
248125,,
1860856,,
5528464,,
6464730,,
2742186,,
2755100,,
2754790,,
2753973,,
2744021,,
2745792,,
3710839,,
2755137,,
2755251,,
2774706,,
2779770,,
2777427,,
2779403,,
2777077,,
2781696,,
3605766,,
4010926,,
4296145,,
2815002,,
2816323,,
2815754,,
2792420,,
2798697,,
2804844,,
2822220,,
2839523,,
2843158,,
2829474,,
2826082,,
2852425,,
2858877,,
2860295,,
2870501,,
2850523,,
2862823,,
2885191,,
2890569,,
2878461,,
2897192,,
2919734,,
2920676,,
2920564,,
7906185,,
2912889,,
2949005,,
2952448,,
2951741,,
2926613,,
2981789,,
2986672,,
2987452,,
2991400,,
2983034,,
3002862,,
3009552,,
1332874,,
3020179,,
3021796,,
3038440,,
3021798,,
936870,,
5710129,,
3033338,,
896,,
104734,,
239479,,
241886,,
538670,,
1259917,,
2164751,,
2468643,,
2516074,,
3978553,,
5999117,,
7887452,,
3048473,,
3053828,,
3040839,,
3046113,,
54134,,
72477,,
109687,,
213322,,
235257,,
370241,,
486286,,
630075,,
923853,,
1051315,,
1529346,,
1547974,,
3120016,,
3526258,,
3582882,,
8074991,,
3077113,,
3092268,,
3102423,,
3110118,,
3135041,,
3123342,,
3106561,,
4933412,,
3143705,,
3145184,,
3146139,,
3144151,,
3148103,,
3157508,,
3161664,,
3171212,,
3156091,,
3148794,,
7472869,,
7902702,,
10991176,,
3151145,,
3209219,,
3176665,,
3192483,,
3189238,,
3207423,,
3183684,,
27377,,
3558043,,
10186221,,
3221502,,
3234748,,
3238333,,
3215700,,
3246744,,
3959402,,
3295400,,
3279399,,
3313351,,
3317045,,
3349888,,
3333230,,
3337054,,
3325649,,
3325514,,
3355222,,
3365387,,
3358179,,
3394657,,
3406172,,
3406028,,
1779,,
7165,,
12359,,
17717,,
32677,,
95446,,
108622,,
132330,,
146511,,
883111,,
2629032,,
2686846,,
5864101,,
6110380,,
7282519,,
3448694,,
3418862,,
72301,,
190610,,
3452073,,
5078863,,
6439902,,
6898064,,
7296789,,
3429879,,
3471022,,
3467052,,
3453814,,
3493645,,
3495171,,
3482050,,
3493319,,
3499355,,
3492935,,
3499247,,
3494468,,
3531925,,
3541845,,
3538500,,
3526806,,
3564691,,
3546449,,
3548448,,
3581721,,
3578531,,
3578709,,
3599597,,
3596019,,
3627857,,
3639861,,
3642296,,
3623737,,
3639855,,
3626931,,
3642873,,
3653026,,
3629839,,
4765315,,
7354297,,
7372409,,
7694838,,
8281287,,
3636380,,
191375,,
3653103,,
3682702,,
3661390,,
3662727,,
3684530,,
3671196,,
3688526,,
3688872,,
4295020,,
5782325,,
3695242,,
3695304,,
3715291,,
3707173,,
3699138,,
3882770,,
3715871,,
3746339,,
3732701,,
14969,,
2093983,,
4684683,,
6693336,,
6708100,,
3755116,,
3758747,,
3754453,,
3759170,,
3762820,,
3747047,,
3755759,,
3757550,,
3763695,,
3765143,,
3783285,,
3772397,,
3776365,,
3795406,,
3796042,,
3800820,,
3801808,,
3796118,,
3820421,,
3823489,,
3814572,,
3814036,,
3814321,,
5993,,
28603,,
29881,,
48480,,
99350,,
121661,,
136835,,
266467,,
300218,,
373445,,
451096,,
598339,,
2924588,,
3008222,,
3175224,,
3313862,,
3519899,,
3946283,,
4468029,,
5562093,,
5583880,,
6335147,,
6516820,,
7572140,,
9399949,,
9436180,,
10130529,,
10494834,,
23608732,,
2008456,,
10415824,,
5243,,
14248,,
23936,,
25603,,
37934,,
42982,,
63678,,
68668,,
74603,,
126052,,
127255,,
127333,,
139183,,
178966,,
269639,,
365601,,
435816,,
457512,,
571455,,
893952,,
1032361,,
1845074,,
3457813,,
3854910,,
3834335,,
3833244,,
3875667,,
3878943,,
3867740,,
3866351,,
3870365,,
3885912,,
3905892,,
3886397,,
3913845,,
375535,,
410815,,
631153,,
674146,,
2943507,,
3024820,,
4298595,,
5682599,,
6085614,,
6496524,,
7540139,,
7586367,,
8162025,,
10419762,,
13366192,,
28029019,,
8115793,,
10232524,,
3919655,,
3940975,,
3923552,,
3935143,,
3941145,,
3940918,,
3916902,,
3928559,,
3928560,,
3941909,,
3954320,,
3964306,,
3946828,,
3954875,,
3962133,,
3978310,,
3983165,,
3989329,,
4008855,,
4013940,,
2567110,,
7681586,,
4034321,,
4032068,,
4033487,,
4034466,,
4036822,,
4096007,,
4082399,,
4098157,,
4116787,,
4203089,,
4189582,,
4106434,,
4121812,,
4272421,,
4281135,,
6890893,,
4273513,,
4250217,,
4242601,,
4285821,,
4307131,,
4293281,,
4310266,,
4313589,,
4312221,,
4306727,,
2691182,,
101762,,
1451168,,
4298283,,
7219417,,
12046506,,
4375141,,
4398039,,
4430454,,
4431092,,
4412603,,
4459930,,
4458212,,
4456220,,
4432603,,
4482455,,
4489587,,
4481779,,
4538705,,
4564578,,
11703,,
525402,,
1127224,,
5205,,
26083,,
68987,,
222721,,
222754,,
248513,,
276934,,
286743,,
311035,,
995745,,
1386026,,
1630205,,
1958686,,
2200920,,
2728258,,
2912379,,
4522436,,
6476133,,
10797151,,
4625956,,
4592321,,
4624572,,
4596439,,
4631864,,
4634887,,
4649279,,
4643096,,
4647958,,
4649477,,
4648715,,
4628839,,
3502958,,
7182,,
8363,,
32550,,
1837246,,
3248548,,
5550392,,
7382237,,
7495809,,
8512558,,
8814405,,
12173248,,
4636451,,
4700549,,
4666969,,
425,,
32953,,
96396,,
103239,,
187800,,
1127553,,
1203342,,
1240082,,
2214625,,
3023650,,
6350039,,
6972402,,
7361623,,
7374632,,
7381991,,
7506458,,
7575926,,
7698317,,
7858285,,
8043945,,
9062539,,
9583872,,
10228951,,
10301847,,
10627510,,
11278692,,
13663579,,
30742273,,
31057613,,
4701566,,
4713263,,
4716975,,
4722243,,
4742892,,
4705764,,
4708287,,
17112,,
4763098,,
4769987,,
4771987,,
4766949,,
2409292,,
3354174,,
5764707,,
6199184,,
7219025,,
11049639,,
15878812,,
4782248,,
4851675,,
4862617,,
4867663,,
4880885,,
4888101,,
4887435,,
4900241,,
4881901,,
4956460,,
4942717,,
4943045,,
4940051,,
4911980,,
4933107,,
4907067,,
4935785,,
4964899,,
1979,,
2080,,
2289,,
3339,,
3631,,
4297,,
6952,,
14733,,
17038,,
17141,,
22662,,
26331,,
26900,,
61844,,
63012,,
63369,,
72999,,
81579,,
124446,,
136392,,
153469,,
240219,,
242699,,
254898,,
283028,,
448274,,
648594,,
998909,,
1164661,,
1232372,,
1328875,,
1515498,,
1626270,,
2349917,,
2578102,,
3126414,,
3703722,,
3812576,,
5430733,,
5548521,,
6103287,,
6426670,,
6786833,,
7790383,,
7921995,,
11087612,,
11628915,,
12058287,,
4982519,,
4993494,,
5006169,,
5007114,,
5009841,,
5013499,,
4994038,,
5001037,,
4994550,,
6235,,
103640,,
190726,,
201775,,
235711,,
292391,,
804180,,
829707,,
1941180,,
2161300,,
2589588,,
2805398,,
2832492,,
4162388,,
5899148,,
11790817,,
13330706,,
30978969,,
5014736,,
5029485,,
5045042,,
5051061,,
5090102,,
5068048,,
5081596,,
5090417,,
5076745,,
5080426,,
5061852,,
5078395,,
5076635,,
5075098,,
5702892,,
5121187,,
5126736,,
7785968,,
8691463,,
5099407,,
5134654,,
8320,,
1019351,,
1198725,,
6370087,,
7427404,,
8087142,,
10775219,,
5097878,,
473103,,
5291960,,
5311161,,
5291085,,
5259640,,
5389659,,
5420417,,
5461638,,
5467552,,
5452479,,
5401247,,
5406387,,
5434738,,
5338584,,
3613,,
27897,,
71153,,
119955,,
121087,,
371811,,
735377,,
1656876,,
1862873,,
2354500,,
2890436,,
3967866,,
5805052,,
6135091,,
31374637,,
5476620,,
5479663,,
5476490,,
5482986,,
5489264,,
5497214,,
5481190,,
5482805,,
5507898,,
5545516,,
5586420,,
5546498,,
5585414,,
90761,,
2374758,,
5661794,,
5622270,,
5664746,,
10344187,,
796,,
2476483,,
7074590,,
5726456,,
5693060,,
5683199,,
5688527,,
5690404,,
5425017,,
5702894,,
5702895,,
5702896,,
5782648,,
6219627,,
6736451,,
7979843,,
8233887,,
10349238,,
10838833,,
13313172,,
31100964,,
31570805,,
32094156,,
5705010,,
5722461,,
2112357,,
5744279,,
5757487,,
5766583,,
5768910,,
5751693,,
18189,,
409602,,
3332875,,
5797483,,
5830788,,
5846345,,
5860732,,
5816231,,
5923808,,
5936375,,
5896728,,
5914830,,
5937608,,
5890781,,
464861,,
5956845,,
652656,,
5958342,,
5965947,,
5978673,,
5978956,,
5981704,,
5997449,,
5982862,,
5986203,,
5994137,,
6089016,,
6071586,,
6075801,,
6035609,,
6108002,,
6110078,,
6110946,,
6132779,,
6132858,,
6139697,,
6148180,,
6173930,,
6142596,,
6146720,,
6149295,,
6154843,,
6188332,,
6193723,,
6181843,,
6182086,,
6175620,,
6202962,,
6199467,,
6220045,,
6230419,,
6226719,,
6200235,,
6253640,,
6259581,,
6236264,,
6237990,,
6245113,,
6253196,,
6268895,,
6279171,,
6295214,,
6265592,,
6279734,,
6268033,,
6295826,,
6323375,,
6303760,,
6314060,,
6311024,,
6320791,,
6314296,,
6331250,,
6358181,,
6337564,,
6367098,,
6365159,,
6401061,,
6418693,,
6360087,,
6368606,,
6425901,,
6435582,,
6503672,,
6491861,,
6482648,,
6500062,,
6502499,,
6486049,,
6520864,,
6524197,,
6516175,,
6523056,,
6554226,,
6559159,,
6548044,,
6543680,,
6567032,,
6586803,,
6593359,,
6596778,,
6580581,,
6591279,,
6592108,,
6592600,,
6634998,,
6625340,,
6613175,,
6644855,,
6613871,,
6646317,,
6643301,,
6667965,,
6680081,,
6660775,,
6670196,,
6678217,,
6682482,,
6685198,,
6724962,,
6714840,,
6725002,,
6755135,,
6746283,,
6763030,,
6786050,,
6808824,,
6799546,,
6809423,,
6789326,,
6832362,,
6861271,,
6891867,,
6892708,,
6866466,,
6879302,,
6884417,,
6886932,,
6892204,,
6894783,,
6905286,,
6866951,,
6869482,,
6880911,,
6945796,,
6946298,,
6955561,,
6990578,,
6990731,,
6983685,,
6999537,,
7009149,,
7009507,,
7002151,,
7005405,,
7036819,,
7010921,,
7055807,,
7061055,,
7065088,,
7055078,,
7038962,,
7039744,,
7041137,,
7110515,,
7132329,,
7148959,,
7162695,,
7164127,,
7163049,,
7186362,,
7212114,,
7204460,,
7220734,,
7231447,,
7257458,,
7239165,,
7264243,,
7275605,,
7300457,,
7300829,,
7321563,,
7300377,,
7324785,,
7309051,,
7288861,,
7330657,,
7378773,,
7380764,,
7357600,,
7377372,,
7419217,,
7399576,,
7434505,,
7449192,,
7482738,,
7445337,,
7454784,,
7472965,,
7478828,,
7497752,,
7501108,,
7494697,,
7491357,,
7506682,,
7528861,,
7490715,,
7522860,,
7490219,,
7532945,,
7557120,,
7569803,,
7562831,,
7561682,,
7586995,,
7583333,,
7587391,,
7644099,,
7647039,,
7631565,,
7681414,,
7696726,,
7681332,,
7707855,,
7721648,,
7731875,,
7734009,,
7716441,,
7714777,,
7784712,,
7784611,,
7775745,,
7754906,,
7768741,,
7766235,,
7831356,,
7792825,,
7812617,,
7860630,,
7861909,,
7857091,,
7847343,,
7899145,,
7897249,,
7919250,,
7925512,,
7916755,,
7932191,,
7897886,,
7917854,,
7932745,,
7957749,,
7960934,,
7954611,,
7972288,,
7966505,,
7941633,,
7993379,,
7976732,,
8005542,,
8006952,,
7973840,,
7999762,,
8031035,,
8054557,,
8071892,,
8066871,,
8073232,,
8040825,,
8068980,,
8044701,,
8091736,,
8125369,,
8128377,,
8080735,,
8079028,,
8107299,,
8187297,,
8160926,,
8184873,,
8170137,,
8199214,,
8211956,,
8246327,,
8250828,,
8219378,,
8270201,,
8278286,,
8279499,,
8258979,,
8309508,,
8304225,,
8297096,,
8318414,,
8337755,,
8346059,,
8366605,,
8325151,,
8352117,,
8355153,,
8343370,,
8354842,,
8381092,,
8402804,,
8417308,,
8394274,,
8405819,,
8404617,,
8480806,,
8440685,,
8454408,,
8456355,,
8535195,,
8513208,,
8541010,,
8515678,,
8525785,,
8539611,,
8507286,,
8521184,,
8522497,,
8494464,,
8566280,,
8591038,,
8614094,,
8644316,,
8648869,,
8681504,,
8631494,,
8631315,,
8697118,,
8714708,,
8699304,,
8735083,,
8739667,,
8744077,,
8756429,,
8757353,,
8767186,,
8769645,,
8735328,,
8822580,,
8794427,,
8773586,,
8803471,,
8815439,,
8796084,,
8885905,,
8913866,,
8839210,,
8910011,,
8933103,,
8902969,,
9050000,,
9053892,,
8974378,,
9035114,,
9050998,,
9029440,,
9104069,,
9066715,,
9083913,,
9089755,,
9116664,,
9195630,,
9194878,,
9129982,,
9190203,,
9197002,,
9211479,,
9216456,,
9211857,,
9225731,,
9225993,,
9313069,,
9311201,,
9300448,,
9314669,,
9317999,,
9332490,,
9365004,,
9331644,,
9394863,,
9404584,,
9413031,,
9403701,,
9380671,,
9410722,,
9497387,,
9434425,,
9478732,,
9484987,,
9449185,,
9494686,,
9538482,,
9519304,,
9559221,,
9518684,,
9521637,,
9556435,,
9548128,,
9572924,,
9572454,,
9652543,,
9644763,,
9672551,,
9629964,,
9661984,,
9703931,,
9711253,,
9692570,,
9757974,,
9713421,,
9753720,,
9783890,,
10002895,,
9890882,,
10001911,,
9873591,,
9818876,,
10003090,,
10003464,,
10006746,,
10003393,,
10004445,,
10003596,,
10003697,,
10005109,,
10008471,,
10007205,,
10014253,,
10018161,,
10011379,,
10017257,,
10022062,,
10025969,,
10018052,,
10019144,,
10021928,,
10032561,,
10054887,,
10037330,,
10031158,,
10031160,,
10036436,,
10071744,,
10101635,,
10108584,,
10131364,,
10159242,,
10155693,,
10145221,,
10155691,,
10155692,,
10125272,,
10142897,,
10166967,,
10197189,,
10165149,,
10200047,,
10164925,,
10173015,,
10201892,,
10180864,,
10166889,,
10255214,,
10247160,,
10241425,,
10227416,,
10255059,,
10236771,,
10228952,,
10297367,,
10315268,,
10309595,,
10346997,,
10372049,,
10425231,,
10428329,,
10391439,,
10405608,,
10429619,,
10430274,,
10489133,,
10452169,,
10463925,,
10533018,,
10547023,,
10544774,,
10562066,,
10515593,,
10625499,,
10637451,,
10603925,,
10683051,,
10663752,,
10732192,,
10743756,,
10712470,,
10703185,,
10778461,,
10825661,,
10792000,,
10832535,,
10842922,,
10852961,,
10827944,,
10839615,,
10881705,,
10894838,,
10866469,,
10891023,,
10901506,,
10964809,,
10966314,,
10965927,,
10988011,,
10991747,,
11007129,,
11018783,,
11007513,,
11036278,,
11074014,,
11039397,,
11122745,,
11135554,,
11092545,,
11108671,,
11185153,,
11150088,,
11146717,,
11216702,,
11249412,,
11295666,,
11309649,,
11312930,,
11355770,,
11316823,,
11363522,,
11327293,,
11411448,,
11416026,,
11436674,,
11435523,,
11435524,,
11430064,,
11419125,,
11440721,,
11443025,,
11452889,,
11448208,,
11549150,,
11554044,,
11512548,,
11528099,,
11502798,,
11591787,,
11591729,,
11603469,,
11593339,,
11600496,,
11627864,,
11647641,,
11699241,,
11685039,,
11636496,,
11723651,,
11729138,,
11757353,,
11755925,,
11751492,,
11776058,,
11781815,,
11782350,,
11782951,,
11790493,,
11786212,,
11827728,,
11846344,,
11890049,,
11854987,,
11895604,,
11912297,,
11926490,,
11924777,,
12021033,,
11978185,,
12093971,,
12117717,,
12065581,,
12110803,,
12077849,,
12083001,,
12110417,,
12045423,,
12141567,,
12132951,,
12138538,,
12157580,,
12190052,,
12149820,,
12229979,,
12247980,,
12298642,,
12283513,,
12225780,,
12246584,,
12222229,,
12218355,,
12370267,,
12302039,,
12394624,,
12413727,,
12409137,,
12448901,,
12441329,,
12511908,,
12639391,,
12486063,,
12560548,,
12535143,,
12510892,,
12651504,,
12702940,,
12681176,,
12832821,,
12892222,,
13105761,,
12960710,,
12811054,,
13164871,,
13126192,,
13232496,,
13228549,,
13242449,,
13290946,,
13226558,,
13329384,,
13354785,,
13377296,,
13546204,,
13656955,,
13491236,,
13668115,,
13685292,,
13664989,,
13699491,,
13703423,,
14885334,,
14050328,,
14262745,,
14739577,,
17955815,,
16651926,,
18868763,,
19790496,,
22168247,,
22207203,,
24011361,,
24418260,,
23286506,,
22801354,,
22955268,,
24634550,,
26182802,,
26969892,,
24970685,,
25454915,,
25531661,,
28137942,,
28515098,,
28354331,,
30368840,,
30100636,,
30353720,,
30389263,,
30413118,,
30468971,,
30446073,,
30414821,,
30447495,,
30588581,,
30485430,,
30512191,,
30661397,,
30677572,,
30677504,,
30718130,,
30867426,,
30795408,,
30809501,,
30888056,,
30890486,,
30912664,,
31037244,,
30940088,,
31046793,,
30988651,,
31202768,,
31204478,,
31204558,,
31166340,,
31195374,,
31070778,,
31211284,,
31209927,,
31534997,,
31479039,,
31397442,,
31566124,,
31565802,,
31568886,,
31657763,,
31652441,,
31609410,,
31653565,,
31575773,,
31721077,,
31721078,,
31721079,,
31821008,,
31873970,,
31688557,,
31836461,,
31938273,,
31956735,,
31956736,,
32000484,,
32000485,,
31980488,,
32009504,,
32043784,,
32032187,,
32074614,,
32044727,,
32060714,,
